Device_id,Communication Type
11706,Bluetooth
11706,Positioning
11706,Radio
11706,USB
11706,WLAN
10981,Bluetooth
10981,Positioning
10981,Radio
10981,USB
10981,WLAN
10980,Bluetooth
10980,Positioning
10980,Radio
10980,USB
10980,WLAN
NFC,NFC
10680,Bluetooth
10680,Positioning
10680,Radio
10680,USB
10680,WLAN
10682,Bluetooth
10682,Positioning
10682,Radio
10682,USB
10682,WLAN
11659,Bluetooth
11659,Positioning
11659,Radio
11659,USB
11659,WLAN
10618,Bluetooth
10618,Positioning
10618,Radio
10618,USB
10618,WLAN
10490,Bluetooth
10490,Positioning
10490,Radio
10490,USB
10490,WLAN
10016,Bluetooth
10016,Positioning
10016,Radio
10016,USB
10016,WLAN
10017,Bluetooth
10017,Positioning
10017,Radio
10017,USB
10017,WLAN
10018,Bluetooth
10018,Positioning
10018,Radio
10018,USB
10018,WLAN
10019,Bluetooth
10019,Positioning
10019,Radio
10019,USB
10019,WLAN
10042,Bluetooth
10042,Positioning
10042,Radio
10042,USB
10042,WLAN
9843,Bluetooth
9843,Positioning
9843,Radio
9843,USB
9843,WLAN
10108,Bluetooth
10108,Radio
10108,USB
10108,WLAN
9837,Bluetooth
9837,Radio
9837,USB
9837,WLAN
9510,Bluetooth
9510,Positioning
9510,Radio
9510,USB
9510,WLAN
9511,Bluetooth
9511,Positioning
9511,Radio
9511,USB
9511,WLAN
9985,Bluetooth
9985,Positioning
9985,Radio
9985,USB
9985,WLAN
9574,Bluetooth
9574,Positioning
9574,Radio
9574,USB
9574,WLAN
9291,Bluetooth
9291,Infrared port
9291,Positioning
9291,Radio
9291,USB
9291,WLAN
8989,Bluetooth
8989,Positioning
8989,Radio
8989,USB
8989,WLAN
9093,Bluetooth
9093,Positioning
9093,Radio
9093,USB
9093,WLAN
9094,Bluetooth
9094,Positioning
9094,Radio
9094,USB
9094,WLAN
8844,Bluetooth
8844,Positioning
8844,Radio
8844,USB
8844,WLAN
8832,Bluetooth
8832,Positioning
8832,Radio
8832,USB
8832,WLAN
8843,Bluetooth
8843,Positioning
8843,Radio
8843,USB
8843,WLAN
8569,Bluetooth
8569,Positioning
8569,Radio
8569,USB
8569,WLAN
8377,Bluetooth
8377,Positioning
8377,Radio
8377,USB
8377,WLAN
8298,Bluetooth
8298,Positioning
8298,Radio
8298,USB
8298,WLAN
8205,Bluetooth
8205,Positioning
8205,Radio
8205,USB
8205,WLAN
8157,Bluetooth
8157,Positioning
8157,Radio
8157,USB
8157,WLAN
8449,Bluetooth
8449,Positioning
8449,USB
8449,WLAN
8167,Bluetooth
8167,Positioning
8167,Radio
8167,USB
8167,WLAN
8230,Bluetooth
8230,Positioning
8230,USB
8230,WLAN
7776,Bluetooth
7776,Positioning
7776,USB
7776,WLAN
7720,Bluetooth
7720,Positioning
7720,Radio
7720,USB
7720,WLAN
7570,Bluetooth
7570,Positioning
7570,Radio
7570,USB
7570,WLAN
7190,Bluetooth
7190,Positioning
7190,Radio
7190,USB
7190,WLAN
7234,Bluetooth
7234,Positioning
7234,Radio
7234,USB
7234,WLAN
7098,Bluetooth
7098,Infrared port
7098,Positioning
7098,USB
7098,WLAN
7097,Bluetooth
7097,Positioning
7097,USB
7097,WLAN
7096,Bluetooth
7096,Positioning
7096,USB
7096,WLAN
7095,Bluetooth
7095,USB
7095,WLAN
6936,Bluetooth
6936,Infrared port
6936,Positioning
6936,Radio
6936,USB
6936,WLAN
6934,Bluetooth
6934,Positioning
6934,Radio
6934,USB
6934,WLAN
6933,Bluetooth
6933,Positioning
6933,Radio
6933,USB
6933,WLAN
6979,Bluetooth
6979,Positioning
6979,Radio
6979,USB
6979,WLAN
6773,Bluetooth
6773,Positioning
6773,Radio
6773,USB
6773,WLAN
6732,Bluetooth
6732,Positioning
6732,Radio
6732,USB
6732,WLAN
6712,Bluetooth
6712,Radio
6712,USB
6712,WLAN
6657,Bluetooth
6657,Positioning
6657,Radio
6657,USB
6657,WLAN
6656,Bluetooth
6656,Positioning
6656,Radio
6656,USB
6656,WLAN
7154,Bluetooth
7154,Positioning
7154,Radio
7154,USB
7154,WLAN
7153,Bluetooth
7153,Positioning
7153,Radio
7153,USB
7153,WLAN
6655,Bluetooth
6655,Infrared port
6655,Positioning
6655,USB
6655,WLAN
6619,Bluetooth
6619,Positioning
6619,Radio
6619,USB
6619,WLAN
6599,Bluetooth
6599,Positioning
6599,Radio
6599,USB
6599,WLAN
6516,Bluetooth
6516,Positioning
6516,Radio
6516,USB
6516,WLAN
6139,Bluetooth
6139,Positioning
6139,Radio
6139,USB
6139,WLAN
6138,Bluetooth
6138,Positioning
6138,Radio
6138,USB
6138,WLAN
6131,Bluetooth
6131,Positioning
6131,Radio
6131,USB
6131,WLAN
5937,Bluetooth
5937,Positioning
5937,Radio
5937,USB
5937,WLAN
5938,Bluetooth
5938,Positioning
5938,Radio
5938,USB
5938,WLAN
5741,Bluetooth
5741,Positioning
5741,Radio
5741,USB
5741,WLAN
5740,Bluetooth
5740,Positioning
5740,Radio
5740,USB
5740,WLAN
5693,Bluetooth
5693,Positioning
5693,Radio
5693,USB
5693,WLAN
5692,Bluetooth
5692,Positioning
5692,Radio
5692,USB
5692,WLAN
5687,Bluetooth
5687,Positioning
5687,Radio
5687,USB
5687,WLAN
5691,Bluetooth
5691,Positioning
5691,Radio
5691,USB
5691,WLAN
5671,Bluetooth
5671,Positioning
5671,Radio
5671,USB
5671,WLAN
5672,Bluetooth
5672,Positioning
5672,Radio
5672,USB
5672,WLAN
5668,Bluetooth
5668,Positioning
5668,Radio
5668,USB
5668,WLAN
5669,Bluetooth
5669,Positioning
5669,Radio
5669,USB
5669,WLAN
5449,USB
5449,WLAN
5681,Bluetooth
5681,Radio
5681,USB
5681,WLAN
5318,Bluetooth
5318,Positioning
5318,Radio
5318,USB
5318,WLAN
5319,Bluetooth
5319,Positioning
5319,Radio
5319,USB
5319,WLAN
5332,Bluetooth
5332,Positioning
5332,Radio
5332,USB
5332,WLAN
5231,Bluetooth
5231,Positioning
5231,Radio
5231,USB
5231,WLAN
5230,Bluetooth
5230,Positioning
5230,Radio
5230,USB
5230,WLAN
5229,Bluetooth
5229,Positioning
5229,Radio
5229,USB
5229,WLAN
5228,Bluetooth
5228,Positioning
5228,Radio
5228,USB
5228,WLAN
5242,Bluetooth
5242,Positioning
5242,Radio
5242,USB
5242,WLAN
5226,Bluetooth
5226,Positioning
5226,Radio
5226,USB
5226,WLAN
5218,Bluetooth
5218,Positioning
5218,Radio
5218,USB
5218,WLAN
5139,Bluetooth
5139,Positioning
5139,Radio
5139,USB
5139,WLAN
5110,Bluetooth
5110,Positioning
5110,Radio
5110,USB
5110,WLAN
5165,Bluetooth
5165,Positioning
5165,Radio
5165,USB
5165,WLAN
5080,Bluetooth
5080,Positioning
5080,Radio
5080,USB
5080,WLAN
4663,Bluetooth
4663,Positioning
4663,Radio
4663,USB
4663,WLAN
4661,Bluetooth
4661,Positioning
4661,Radio
4661,USB
4661,WLAN
4659,Bluetooth
4659,Positioning
4659,Radio
4659,USB
4659,WLAN
4528,Bluetooth
4528,Positioning
4528,Radio
4528,USB
4528,WLAN
5685,Bluetooth
5685,Positioning
5685,USB
5685,WLAN
5690,Bluetooth
5690,Positioning
5690,USB
5690,WLAN
5070,Bluetooth
5070,USB
5070,WLAN
5061,Bluetooth
5061,Positioning
5061,USB
5061,WLAN
4910,Bluetooth
4910,Positioning
4910,USB
4910,WLAN
4212,Bluetooth
4212,Positioning
4212,USB
4212,WLAN
3275,Bluetooth
3275,Positioning
3275,USB
3275,WLAN
3716,Bluetooth
3716,Positioning
3716,USB
3716,WLAN
9634,Bluetooth
9634,Positioning
9634,Radio
9634,USB
9634,WLAN
9633,Bluetooth
9633,Positioning
9633,Radio
9633,USB
9633,WLAN
9373,Bluetooth
9373,Positioning
9373,Radio
9373,USB
9373,WLAN
9372,Bluetooth
9372,Positioning
9372,Radio
9372,USB
9372,WLAN
9194,Bluetooth
9194,Positioning
9194,Radio
9194,USB
9194,WLAN
9097,Bluetooth
9097,Positioning
9097,Radio
9097,USB
9097,WLAN
8953,Bluetooth
8953,Positioning
8953,Radio
8953,USB
8953,WLAN
8866,Bluetooth
8866,Positioning
8866,USB
8866,WLAN
8892,Bluetooth
8892,Positioning
8892,Radio
8892,USB
8892,WLAN
8862,Bluetooth
8862,Positioning
8862,Radio
8862,USB
8862,WLAN
8808,Bluetooth
8808,Positioning
8808,Radio
8808,USB
8808,WLAN
8784,Bluetooth
8784,Positioning
8784,Radio
8784,USB
8784,WLAN
8811,Bluetooth
8811,Positioning
8811,Radio
8811,USB
8811,WLAN
8814,Bluetooth
8814,Positioning
8814,USB
8814,WLAN
8810,Bluetooth
8810,Positioning
8810,USB
8810,WLAN
8749,Bluetooth
8749,Positioning
8749,Radio
8749,USB
8749,WLAN
8801,Bluetooth
8801,Positioning
8801,USB
8801,WLAN
8681,Bluetooth
8681,Positioning
8681,Radio
8681,USB
8681,WLAN
8579,Bluetooth
8579,Positioning
8579,Radio
8579,USB
8579,WLAN
8550,Bluetooth
8550,Positioning
8550,Radio
8550,USB
8550,WLAN
8502,Bluetooth
8502,Positioning
8502,Radio
8502,USB
8502,WLAN
8509,Bluetooth
8509,Positioning
8509,Radio
8509,USB
8509,WLAN
8503,Bluetooth
8503,Positioning
8503,USB
8503,WLAN
8493,Bluetooth
8493,Positioning
8493,USB
8493,WLAN
8467,Bluetooth
8467,Positioning
8467,Radio
8467,USB
8467,WLAN
8425,Bluetooth
8425,Positioning
8425,Radio
8425,USB
8425,WLAN
8218,Bluetooth
8218,Positioning
8218,USB
8218,WLAN
8207,Bluetooth
8207,Positioning
8207,Radio
8207,USB
8207,WLAN
8206,Bluetooth
8206,Positioning
8206,Radio
8206,USB
8206,WLAN
8197,Bluetooth
8197,Positioning
8197,Radio
8197,USB
8197,WLAN
8156,Bluetooth
8156,Positioning
8156,Radio
8156,USB
8156,WLAN
8130,Bluetooth
8130,Positioning
8130,Radio
8130,USB
8130,WLAN
8106,Bluetooth
8106,Positioning
8106,Radio
8106,USB
8106,WLAN
8111,Bluetooth
8111,Positioning
8111,Radio
8111,USB
8111,WLAN
8262,Bluetooth
8262,Positioning
8262,Radio
8262,USB
8262,WLAN
8097,Bluetooth
8097,Positioning
8097,Radio
8097,USB
8097,WLAN
8095,Bluetooth
8095,Positioning
8095,Radio
8095,USB
8095,WLAN
8045,Bluetooth
8045,Positioning
8045,Radio
8045,USB
8045,WLAN
8048,Bluetooth
8048,Positioning
8048,Radio
8048,USB
8048,WLAN
7866,Bluetooth
7866,Positioning
7866,Radio
7866,USB
7866,WLAN
7733,Bluetooth
7733,Positioning
7733,Radio
7733,USB
7733,WLAN
7368,Bluetooth
7368,Positioning
7368,Radio
7368,USB
7368,WLAN
7476,Bluetooth
7476,Positioning
7476,Radio
7476,USB
7476,WLAN
7475,Bluetooth
7475,Positioning
7475,Radio
7475,USB
7475,WLAN
7479,Bluetooth
7479,Positioning
7479,Radio
7479,USB
7479,WLAN
7757,Bluetooth
7757,Positioning
7757,USB
7757,WLAN
7477,Bluetooth
7477,Positioning
7477,Radio
7477,USB
7477,WLAN
7478,Bluetooth
7478,Positioning
7478,Radio
7478,USB
7478,WLAN
7474,Bluetooth
7474,Positioning
7474,Radio
7474,USB
7474,WLAN
7473,Bluetooth
7473,Positioning
7473,Radio
7473,USB
7473,WLAN
7444,Bluetooth
7444,Positioning
7444,USB
7444,WLAN
7255,Bluetooth
7255,Positioning
7255,USB
7255,WLAN
7256,Bluetooth
7256,Positioning
7256,USB
7256,WLAN
7261,Bluetooth
7261,Positioning
7261,Radio
7261,USB
7261,WLAN
7044,Bluetooth
7044,Positioning
7044,Radio
7044,USB
7044,WLAN
7120,Bluetooth
7120,Positioning
7120,Radio
7120,USB
7120,WLAN
7045,Bluetooth
7045,Positioning
7045,USB
7045,WLAN
6982,Bluetooth
6982,Positioning
6982,Radio
6982,USB
6982,WLAN
6953,Bluetooth
6953,Positioning
6953,USB
6953,WLAN
6918,Bluetooth
6918,Positioning
6918,USB
6918,WLAN
6897,Bluetooth
6897,Positioning
6897,USB
6897,WLAN
6737,Bluetooth
6737,Positioning
6737,Radio
6737,USB
6737,WLAN
6429,Bluetooth
6429,Positioning
6429,Radio
6429,USB
6429,WLAN
6428,Bluetooth
6428,Positioning
6428,Radio
6428,USB
6428,WLAN
6413,Bluetooth
6413,Positioning
6413,USB
6413,WLAN
6412,Bluetooth
6412,Positioning
6412,USB
6412,WLAN
6394,Bluetooth
6394,Positioning
6394,USB
6394,WLAN
6120,Bluetooth
6120,Positioning
6120,Radio
6120,USB
6120,WLAN
6853,Bluetooth
6853,Positioning
6853,Radio
6853,USB
6853,WLAN
5953,Bluetooth
5953,Positioning
5953,USB
5953,WLAN
7160,Bluetooth
7160,Positioning
7160,Radio
7160,USB
7160,WLAN
5952,Bluetooth
5952,Positioning
5952,Radio
5952,USB
5952,WLAN
5891,Bluetooth
5891,Positioning
5891,USB
5891,WLAN
5675,Bluetooth
5675,USB
5675,WLAN
5674,Bluetooth
5674,Positioning
5674,USB
5674,WLAN
5329,Bluetooth
5329,Positioning
5329,USB
5329,WLAN
5249,USB
5249,WLAN
4422,Bluetooth
4422,Positioning
4422,USB
4422,WLAN
3965,Bluetooth
3965,Positioning
3965,USB
3965,WLAN
12459,Bluetooth
12459,Positioning
12459,Radio
12459,USB
12459,WLAN
12458,Bluetooth
12458,Positioning
12458,Radio
12458,USB
12458,WLAN
12457,Bluetooth
12457,Positioning
12457,Radio
12457,USB
12457,WLAN
12456,Bluetooth
12456,Positioning
12456,Radio
12456,USB
12456,WLAN
12153,Bluetooth
12153,Positioning
12153,Radio
12153,USB
12153,WLAN
12102,Bluetooth
12102,Positioning
12102,Radio
12102,USB
12102,WLAN
11830,Bluetooth
11830,Positioning
11830,Radio
11830,USB
11830,WLAN
11829,Bluetooth
11829,Positioning
11829,Radio
11829,USB
11829,WLAN
11828,Bluetooth
11828,Positioning
11828,Radio
11828,USB
11828,WLAN
11757,Bluetooth
11757,Positioning
11757,Radio
11757,USB
11757,WLAN
11716,Bluetooth
11716,Positioning
11716,Radio
11716,USB
11716,WLAN
11715,Bluetooth
11715,Positioning
11715,Radio
11715,USB
11715,WLAN
11673,Bluetooth
11673,Positioning
11673,Radio
11673,USB
11673,WLAN
11672,Bluetooth
11672,Positioning
11672,Radio
11672,USB
11672,WLAN
11643,Bluetooth
11643,Positioning
11643,Radio
11643,USB
11643,WLAN
11509,Bluetooth
11509,Positioning
11509,Radio
11509,USB
11509,WLAN
11368,Bluetooth
11368,Positioning
11368,Radio
11368,USB
11368,WLAN
11348,Bluetooth
11348,Positioning
11348,Radio
11348,USB
11348,WLAN
11319,Bluetooth
11319,Positioning
11319,Radio
11319,USB
11319,WLAN
11318,Bluetooth
11318,Positioning
11318,Radio
11318,USB
11318,WLAN
11258,Bluetooth
11258,Positioning
11258,Radio
11258,USB
11258,WLAN
11096,Bluetooth
11096,Positioning
11096,Radio
11096,USB
11096,WLAN
11095,Bluetooth
11095,Positioning
11095,Radio
11095,USB
11095,WLAN
11094,Bluetooth
11094,Positioning
11094,Radio
11094,USB
11094,WLAN
11073,Bluetooth
11073,Positioning
11073,Radio
11073,USB
11073,WLAN
10934,Bluetooth
10934,Positioning
10934,Radio
10934,USB
10934,WLAN
10935,Bluetooth
10935,Positioning
10935,Radio
10935,USB
10935,WLAN
10781,Bluetooth
10781,Positioning
10781,Radio
10781,USB
10781,WLAN
10745,Bluetooth
10745,Positioning
10745,Radio
10745,USB
10745,WLAN
10741,Bluetooth
10741,Positioning
10741,Radio
10741,USB
10741,WLAN
10730,Bluetooth
10730,Positioning
10730,Radio
10730,USB
10730,WLAN
10729,Bluetooth
10729,Positioning
10729,Radio
10729,USB
10729,WLAN
10731,Bluetooth
10731,Positioning
10731,Radio
10731,USB
10731,WLAN
10732,Bluetooth
10732,Positioning
10732,Radio
10732,USB
10732,WLAN
10607,Bluetooth
10607,Positioning
10607,Radio
10607,USB
10607,WLAN
10535,Bluetooth
10535,Positioning
10535,Radio
10535,USB
10535,WLAN
10537,Bluetooth
10537,Positioning
10537,Radio
10537,USB
10537,WLAN
10538,Bluetooth
10538,Positioning
10538,Radio
10538,USB
10538,WLAN
10540,Bluetooth
10540,Positioning
10540,Radio
10540,USB
10540,WLAN
10539,Bluetooth
10539,Positioning
10539,Radio
10539,USB
10539,WLAN
10470,Bluetooth
10470,Positioning
10470,Radio
10470,USB
10470,WLAN
10453,Bluetooth
10453,Positioning
10453,Radio
10453,USB
10453,WLAN
10403,Bluetooth
10403,Positioning
10403,Radio
10403,USB
10403,WLAN
10359,Bluetooth
10359,Positioning
10359,Radio
10359,USB
10359,WLAN
10313,Bluetooth
10313,Positioning
10313,Radio
10313,USB
10313,WLAN
10312,Bluetooth
10312,Positioning
10312,Radio
10312,USB
10312,WLAN
10160,Bluetooth
10160,Positioning
10160,Radio
10160,USB
10160,WLAN
10107,Bluetooth
10107,Positioning
10107,Radio
10107,USB
10107,WLAN
10106,Bluetooth
10106,Positioning
10106,Radio
10106,USB
10106,WLAN
10105,Bluetooth
10105,Positioning
10105,Radio
10105,USB
10105,WLAN
10047,Bluetooth
10047,Positioning
10047,Radio
10047,USB
10047,WLAN
10046,Bluetooth
10046,Positioning
10046,Radio
10046,USB
10046,WLAN
10045,Bluetooth
10045,Positioning
10045,Radio
10045,USB
10045,WLAN
9967,Bluetooth
9967,Positioning
9967,Radio
9967,USB
9967,WLAN
9930,Bluetooth
9930,Positioning
9930,Radio
9930,USB
9930,WLAN
9929,Bluetooth
9929,Positioning
9929,Radio
9929,USB
9929,WLAN
9855,Bluetooth
9855,Positioning
9855,Radio
9855,USB
9855,WLAN
9877,Bluetooth
9877,Positioning
9877,Radio
9877,USB
9877,WLAN
9876,Bluetooth
9876,Positioning
9876,Radio
9876,USB
9876,WLAN
9718,Bluetooth
9718,Positioning
9718,Radio
9718,USB
9718,WLAN
9597,Bluetooth
9597,Positioning
9597,Radio
9597,USB
9597,WLAN
9542,Bluetooth
9542,Positioning
9542,Radio
9542,USB
9542,WLAN
9482,Bluetooth
9482,Positioning
9482,Radio
9482,USB
9482,WLAN
9470,Bluetooth
9470,Positioning
9470,Radio
9470,USB
9470,WLAN
9360,Bluetooth
9360,Positioning
9360,Radio
9360,USB
9360,WLAN
9325,Bluetooth
9325,Positioning
9325,Radio
9325,USB
9325,WLAN
9314,Bluetooth
9314,Positioning
9314,Radio
9314,USB
9314,WLAN
9307,Bluetooth
9307,Positioning
9307,Radio
9307,USB
9307,WLAN
9302,Bluetooth
9302,Positioning
9302,Radio
9302,USB
9302,WLAN
9301,Bluetooth
9301,Positioning
9301,Radio
9301,USB
9301,WLAN
9277,Bluetooth
9277,Positioning
9277,Radio
9277,USB
9277,WLAN
9254,Bluetooth
9254,Positioning
9254,Radio
9254,USB
9254,WLAN
9253,Bluetooth
9253,Positioning
9253,Radio
9253,USB
9253,WLAN
9223,Bluetooth
9223,Positioning
9223,Radio
9223,USB
9223,WLAN
9184,Bluetooth
9184,Positioning
9184,Radio
9184,USB
9184,WLAN
9165,Bluetooth
9165,Positioning
9165,Radio
9165,USB
9165,WLAN
9154,Bluetooth
9154,Positioning
9154,Radio
9154,USB
9154,WLAN
9146,Bluetooth
9146,Positioning
9146,Radio
9146,USB
9146,WLAN
9131,Bluetooth
9131,Positioning
9131,Radio
9131,USB
9131,WLAN
9072,Bluetooth
9072,Positioning
9072,Radio
9072,USB
9072,WLAN
9064,Bluetooth
9064,Positioning
9064,Radio
9064,USB
9064,WLAN
9063,Bluetooth
9063,Positioning
9063,Radio
9063,USB
9063,WLAN
9007,Bluetooth
9007,Positioning
9007,Radio
9007,USB
9007,WLAN
8835,Bluetooth
8835,Positioning
8835,Radio
8835,USB
8835,WLAN
8621,Bluetooth
8621,Positioning
8621,Radio
8621,USB
8621,WLAN
7892,Bluetooth
7892,Positioning
7892,Radio
7892,USB
7892,WLAN
7523,Bluetooth
7523,Positioning
7523,Radio
7523,USB
7523,WLAN
6928,Bluetooth
6928,Positioning
6928,Radio
6928,USB
6928,WLAN
6927,Bluetooth
6927,Positioning
6927,Radio
6927,USB
6927,WLAN
6925,Bluetooth
6925,Positioning
6925,Radio
6925,USB
6925,WLAN
6924,Bluetooth
6924,Positioning
6924,Radio
6924,USB
6924,WLAN
6900,Bluetooth
6900,Positioning
6900,Radio
6900,USB
6900,WLAN
6899,Bluetooth
6899,Positioning
6899,Radio
6899,USB
6899,WLAN
6838,Bluetooth
6838,Positioning
6838,Radio
6838,USB
6838,WLAN
6835,Bluetooth
6835,Positioning
6835,Radio
6835,USB
6835,WLAN
6669,Bluetooth
6669,Positioning
6669,Radio
6669,USB
6669,WLAN
6565,Bluetooth
6565,Positioning
6565,Radio
6565,USB
6565,WLAN
6567,Bluetooth
6567,Positioning
6567,Radio
6567,USB
6567,WLAN
6406,Bluetooth
6406,Positioning
6406,Radio
6406,USB
6406,WLAN
6405,Bluetooth
6405,Positioning
6405,Radio
6405,USB
6405,WLAN
6330,Bluetooth
6330,Positioning
6330,Radio
6330,USB
6330,WLAN
6277,Bluetooth
6277,Positioning
6277,Radio
6277,USB
6277,WLAN
6276,Bluetooth
6276,Positioning
6276,Radio
6276,USB
6276,WLAN
6244,Bluetooth
6244,Positioning
6244,Radio
6244,USB
6244,WLAN
6243,Bluetooth
6243,Positioning
6243,Radio
6243,USB
6243,WLAN
6242,Bluetooth
6242,Positioning
6242,Radio
6242,USB
6242,WLAN
6041,Bluetooth
6041,Positioning
6041,Radio
6041,USB
6041,WLAN
5986,Bluetooth
5986,Positioning
5986,Radio
5986,USB
5986,WLAN
5957,Bluetooth
5957,Infrared port
5957,Positioning
5957,USB
5957,WLAN
5956,Bluetooth
5956,Positioning
5956,Radio
5956,USB
5956,WLAN
5955,Bluetooth
5955,Positioning
5955,Radio
5955,USB
5955,WLAN
5954,Bluetooth
5954,Positioning
5954,Radio
5954,USB
5954,WLAN
5935,Bluetooth
5935,Positioning
5935,Radio
5935,USB
5935,WLAN
5920,Bluetooth
5920,Positioning
5920,Radio
5920,USB
5920,WLAN
5909,Bluetooth
5909,Positioning
5909,Radio
5909,USB
5909,WLAN
5908,Bluetooth
5908,Positioning
5908,Radio
5908,USB
5908,WLAN
5873,Bluetooth
5873,Positioning
5873,Radio
5873,USB
5873,WLAN
5761,Bluetooth
5761,Positioning
5761,Radio
5761,USB
5761,WLAN
5661,Bluetooth
5661,Positioning
5661,Radio
5661,USB
5661,WLAN
5660,Bluetooth
5660,Positioning
5660,Radio
5660,USB
5660,WLAN
5662,Bluetooth
5662,Positioning
5662,Radio
5662,USB
5662,WLAN
5593,Bluetooth
5593,Positioning
5593,Radio
5593,USB
5593,WLAN
5489,Bluetooth
5489,Positioning
5489,Radio
5489,USB
5489,WLAN
5458,Bluetooth
5458,Positioning
5458,Radio
5458,USB
5458,WLAN
5459,Bluetooth
5459,Positioning
5459,Radio
5459,USB
5459,WLAN
5460,Bluetooth
5460,Positioning
5460,Radio
5460,USB
5460,WLAN
5411,Bluetooth
5411,Positioning
5411,Radio
5411,USB
5411,WLAN
5360,Bluetooth
5360,Positioning
5360,Radio
5360,USB
5360,WLAN
5358,Bluetooth
5358,Positioning
5358,Radio
5358,USB
5358,WLAN
5359,Bluetooth
5359,Positioning
5359,Radio
5359,USB
5359,WLAN
5295,Bluetooth
5295,Positioning
5295,Radio
5295,USB
5295,WLAN
5282,Bluetooth
5282,Positioning
5282,Radio
5282,USB
5282,WLAN
5281,Bluetooth
5281,Positioning
5281,Radio
5281,USB
5281,WLAN
5209,Bluetooth
5209,Positioning
5209,Radio
5209,USB
5209,WLAN
5208,Bluetooth
5208,Positioning
5208,Radio
5208,USB
5208,WLAN
5206,Bluetooth
5206,Positioning
5206,Radio
5206,USB
5206,WLAN
5205,Bluetooth
5205,Positioning
5205,USB
5205,WLAN
5202,Bluetooth
5202,Positioning
5202,Radio
5202,USB
5202,WLAN
5201,Positioning
5201,Radio
5201,USB
5201,WLAN
5023,Bluetooth
5023,Positioning
5023,Radio
5023,USB
5023,WLAN
4947,Bluetooth
4947,Positioning
4947,Radio
4947,USB
4947,WLAN
4946,Bluetooth
4946,Positioning
4946,Radio
4946,USB
4946,WLAN
4901,Bluetooth
4901,Positioning
4901,Radio
4901,USB
4901,WLAN
4370,Bluetooth
4370,Positioning
4370,Radio
4370,USB
4370,WLAN
4224,Bluetooth
4224,Positioning
4224,Radio
4224,USB
4224,WLAN
3548,Bluetooth
3548,Positioning
3548,Radio
3548,USB
3548,WLAN
12454,Bluetooth
12454,Positioning
12454,USB
12454,WLAN
12522,Bluetooth
12522,Positioning
12522,USB
12522,WLAN
12523,Bluetooth
12523,Positioning
12523,USB
12523,WLAN
11948,Bluetooth
11948,Positioning
11948,USB
11948,WLAN
10790,Bluetooth
10790,Positioning
10790,Radio
10790,USB
10790,WLAN
10594,Bluetooth
10594,Positioning
10594,USB
10594,WLAN
10357,Bluetooth
10357,Positioning
10357,Radio
10357,USB
10357,WLAN
10593,Bluetooth
10593,Positioning
10593,Radio
10593,USB
10593,WLAN
10592,Bluetooth
10592,Positioning
10592,Radio
10592,USB
10592,WLAN
10595,Bluetooth
10595,Positioning
10595,USB
10595,WLAN
9924,Bluetooth
9924,Positioning
9924,USB
9924,WLAN
9797,Bluetooth
9797,Positioning
9797,Radio
9797,USB
9797,WLAN
9102,Bluetooth
9102,Positioning
9102,Radio
9102,USB
9102,WLAN
9071,Bluetooth
9071,Positioning
9071,Radio
9071,USB
9071,WLAN
8884,Bluetooth
8884,Positioning
8884,Radio
8884,USB
8884,WLAN
8276,Bluetooth
8276,Positioning
8276,Radio
8276,USB
8276,WLAN
8633,Bluetooth
8633,Positioning
8633,Radio
8633,USB
8633,WLAN
8128,Bluetooth
8128,Positioning
8128,Radio
8128,USB
8128,WLAN
7942,Bluetooth
7942,Positioning
7942,Radio
7942,USB
7942,WLAN
7941,Bluetooth
7941,Positioning
7941,Radio
7941,USB
7941,WLAN
8348,Bluetooth
8348,Positioning
8348,Radio
8348,USB
8348,WLAN
7731,Bluetooth
7731,Positioning
7731,Radio
7731,USB
7731,WLAN
7753,Bluetooth
7753,Positioning
7753,Radio
7753,USB
7753,WLAN
7627,Bluetooth
7627,Positioning
7627,Radio
7627,USB
7627,WLAN
7418,Bluetooth
7418,Positioning
7418,Radio
7418,USB
7418,WLAN
7419,Bluetooth
7419,Positioning
7419,Radio
7419,USB
7419,WLAN
7267,Bluetooth
7267,Positioning
7267,Radio
7267,USB
7267,WLAN
7194,Bluetooth
7194,Positioning
7194,Radio
7194,USB
7194,WLAN
7115,Bluetooth
7115,Positioning
7115,Radio
7115,USB
7115,WLAN
7183,Bluetooth
7183,Positioning
7183,Radio
7183,USB
7183,WLAN
6968,Bluetooth
6968,Positioning
6968,Radio
6968,USB
6968,WLAN
6947,Bluetooth
6947,Positioning
6947,Radio
6947,USB
6947,WLAN
6921,Bluetooth
6921,Positioning
6921,Radio
6921,USB
6921,WLAN
6913,Bluetooth
6913,Positioning
6913,Radio
6913,USB
6913,WLAN
6841,Bluetooth
6841,Positioning
6841,Radio
6841,USB
6841,WLAN
6830,Bluetooth
6830,Positioning
6830,Radio
6830,USB
6830,WLAN
6736,Bluetooth
6736,Positioning
6736,Radio
6736,USB
6736,WLAN
6713,Bluetooth
6713,Positioning
6713,Radio
6713,USB
6713,WLAN
6719,Bluetooth
6719,Positioning
6719,USB
6719,WLAN
6854,Bluetooth
6854,Positioning
6854,Radio
6854,USB
6854,WLAN
6463,Bluetooth
6463,Positioning
6463,USB
6463,WLAN
6234,Bluetooth
6234,Positioning
6234,Radio
6234,USB
6234,WLAN
6316,Bluetooth
6316,Positioning
6316,Radio
6316,USB
6316,WLAN
6009,Bluetooth
6009,Positioning
6009,USB
6009,WLAN
6487,Bluetooth
6487,Positioning
6487,Radio
6487,USB
6487,WLAN
6552,Bluetooth
6552,Positioning
6552,Radio
6552,USB
6552,WLAN
5870,Bluetooth
5870,Positioning
5870,Radio
5870,USB
5870,WLAN
5871,Bluetooth
5871,Positioning
5871,Radio
5871,USB
5871,WLAN
5666,Bluetooth
5666,Positioning
5666,Radio
5666,USB
5666,WLAN
5667,Bluetooth
5667,Positioning
5667,Radio
5667,USB
5667,WLAN
5623,Bluetooth
5623,Positioning
5623,Radio
5623,USB
5623,WLAN
5505,Bluetooth
5505,Positioning
5505,Radio
5505,USB
5505,WLAN
5536,Bluetooth
5536,Positioning
5536,Radio
5536,USB
5536,WLAN
5100,Bluetooth
5100,Positioning
5100,Radio
5100,USB
5100,WLAN
5000,Bluetooth
5000,Positioning
5000,Radio
5000,USB
5000,WLAN
4980,Bluetooth
4980,Positioning
4980,USB
4980,WLAN
4979,Bluetooth
4979,Positioning
4979,USB
4979,WLAN
4951,Bluetooth
4951,Positioning
4951,Radio
4951,USB
4951,WLAN
4830,Bluetooth
4830,Positioning
4830,Radio
4830,USB
4830,WLAN
5861,Bluetooth
5861,Positioning
5861,USB
5861,WLAN
4829,Bluetooth
4829,Positioning
4829,Radio
4829,USB
4829,WLAN
4805,Bluetooth
4805,Positioning
4805,Radio
4805,USB
4805,WLAN
4997,Bluetooth
4997,Positioning
4997,USB
4997,WLAN
4977,Bluetooth
4977,Positioning
4977,Radio
4977,USB
4977,WLAN
4836,Bluetooth
4836,Positioning
4836,Radio
4836,USB
4836,WLAN
4574,Bluetooth
4574,Positioning
4574,Radio
4574,USB
4574,WLAN
4575,Bluetooth
4575,Positioning
4575,Radio
4575,USB
4575,WLAN
4525,Bluetooth
4525,Positioning
4525,Radio
4525,USB
4525,WLAN
4435,Bluetooth
4435,Positioning
4435,Radio
4435,USB
4435,WLAN
4099,Bluetooth
4099,Positioning
4099,USB
4099,WLAN
4302,Bluetooth
4302,Positioning
4302,Radio
4302,USB
4302,WLAN
4202,Bluetooth
4202,Positioning
4202,Radio
4202,USB
4202,WLAN
4161,Bluetooth
4161,Positioning
4161,Radio
4161,USB
4161,WLAN
4102,Bluetooth
4102,Positioning
4102,Radio
4102,USB
4102,WLAN
3958,Bluetooth
3958,Positioning
3958,Radio
3958,USB
3958,WLAN
4132,Bluetooth
4132,Positioning
4132,Radio
4132,USB
4132,WLAN
4285,Bluetooth
4285,Positioning
4285,USB
4285,WLAN
4196,Bluetooth
4196,Positioning
4196,Radio
4196,USB
4196,WLAN
4164,Bluetooth
4164,Positioning
4164,Radio
4164,USB
4164,WLAN
4027,Bluetooth
4027,Positioning
4027,Radio
4027,USB
4027,WLAN
4131,Bluetooth
4131,Positioning
4131,Radio
4131,USB
4131,WLAN
4070,Bluetooth
4070,Positioning
4070,Radio
4070,USB
4070,WLAN
4022,Bluetooth
4022,Positioning
4022,USB
4022,WLAN
3964,Bluetooth
3964,Positioning
3964,Radio
3964,USB
3964,WLAN
3938,Bluetooth
3938,Positioning
3938,Radio
3938,USB
3938,WLAN
3922,Bluetooth
3922,Positioning
3922,Radio
3922,USB
3922,WLAN
3901,Bluetooth
3901,Positioning
3901,Radio
3901,USB
3901,WLAN
3875,Bluetooth
3875,Positioning
3875,Radio
3875,USB
3875,WLAN
3895,Bluetooth
3895,Positioning
3895,Radio
3895,USB
3895,WLAN
3887,Bluetooth
3887,Positioning
3887,Radio
3887,USB
3887,WLAN
3739,Bluetooth
3739,Positioning
3739,USB
3739,WLAN
3788,Bluetooth
3788,Positioning
3788,Radio
3788,USB
3788,WLAN
3776,Bluetooth
3776,Positioning
3776,Radio
3776,USB
3776,WLAN
3777,Bluetooth
3777,Positioning
3777,Radio
3777,USB
3777,WLAN
3786,Bluetooth
3786,Positioning
3786,Radio
3786,USB
3786,WLAN
3787,Bluetooth
3787,Positioning
3787,Radio
3787,USB
3787,WLAN
3829,Bluetooth
3829,Positioning
3829,USB
3829,WLAN
3953,Bluetooth
3953,Positioning
3953,USB
3953,WLAN
3896,Bluetooth
3896,Positioning
3896,USB
3896,WLAN
3706,Bluetooth
3706,Positioning
3706,Radio
3706,USB
3706,WLAN
3703,Bluetooth
3703,Positioning
3703,Radio
3703,USB
3703,WLAN
3702,Bluetooth
3702,Positioning
3702,Radio
3702,USB
3702,WLAN
3585,Bluetooth
3585,Positioning
3585,Radio
3585,USB
3585,WLAN
3338,Bluetooth
3338,Positioning
3338,Radio
3338,USB
3338,WLAN
3576,Bluetooth
3576,Positioning
3576,Radio
3576,USB
3576,WLAN
3557,Bluetooth
3557,Positioning
3557,USB
3557,WLAN
3530,Bluetooth
3530,Positioning
3530,Radio
3530,USB
3530,WLAN
3118,Bluetooth
3118,Positioning
3118,Radio
3118,USB
3118,WLAN
3556,Bluetooth
3556,Positioning
3556,USB
3556,WLAN
3468,Bluetooth
3468,Positioning
3468,Radio
3468,USB
3468,WLAN
3421,Bluetooth
3421,Positioning
3421,Radio
3421,USB
3421,WLAN
5058,Bluetooth
5058,Positioning
5058,Radio
5058,USB
5058,WLAN
3392,Bluetooth
3392,Positioning
3392,Radio
3392,USB
3392,WLAN
3577,Bluetooth
3577,Positioning
3577,USB
3577,WLAN
3337,Bluetooth
3337,Positioning
3337,Radio
3337,USB
3337,WLAN
3163,Bluetooth
3163,Positioning
3163,Radio
3163,USB
3163,WLAN
3077,Bluetooth
3077,Positioning
3077,Radio
3077,USB
3077,WLAN
3141,Bluetooth
3141,Positioning
3141,Radio
3141,USB
3141,WLAN
3069,Bluetooth
3069,Positioning
3069,Radio
3069,USB
3069,WLAN
3427,Bluetooth
3427,Positioning
3427,Radio
3427,USB
3427,WLAN
12720,Bluetooth
12720,Positioning
12720,USB
12720,WLAN
12259,Bluetooth
12259,Positioning
12259,USB
12259,WLAN
12020,Bluetooth
12020,Positioning
12020,USB
12020,WLAN
11489,Bluetooth
11489,Positioning
11489,USB
11489,WLAN
11247,Bluetooth
11247,Positioning
11247,USB
11247,WLAN
11328,Bluetooth
11328,Positioning
11328,USB
11328,WLAN
11177,Bluetooth
11177,Positioning
11177,USB
11177,WLAN
11030,Bluetooth
11030,Positioning
11030,Radio
11030,USB
11030,WLAN
10652,Bluetooth
10652,Positioning
10652,USB
10652,WLAN
10579,Bluetooth
10579,Positioning
10579,USB
10579,WLAN
10519,Bluetooth
10519,Positioning
10519,USB
10519,WLAN
10546,Bluetooth
10546,Positioning
10546,Radio
10546,USB
10546,WLAN
10475,Bluetooth
10475,Positioning
10475,Radio
10475,USB
10475,WLAN
10429,Bluetooth
10429,Positioning
10429,USB
10429,WLAN
10417,Bluetooth
10417,Positioning
10417,USB
10417,WLAN
10418,Bluetooth
10418,Positioning
10418,USB
10418,WLAN
10299,Bluetooth
10299,Positioning
10299,USB
10299,WLAN
10252,Bluetooth
10252,Positioning
10252,USB
10252,WLAN
10231,Bluetooth
10231,Positioning
10231,USB
10231,WLAN
10227,Bluetooth
10227,Positioning
10227,Radio
10227,USB
10227,WLAN
10223,Bluetooth
10223,Positioning
10223,Radio
10223,USB
10223,WLAN
10205,Bluetooth
10205,Positioning
10205,USB
10205,WLAN
11010,Bluetooth
11010,Positioning
11010,USB
11010,WLAN
10112,Bluetooth
10112,Positioning
10112,Radio
10112,USB
10112,WLAN
10074,Bluetooth
10074,Positioning
10074,Radio
10074,USB
10074,WLAN
9799,Bluetooth
9799,Positioning
9799,Radio
9799,USB
9799,WLAN
9956,Bluetooth
9956,Positioning
9956,Radio
9956,USB
9956,WLAN
9922,Bluetooth
9922,Positioning
9922,Radio
9922,USB
9922,WLAN
9933,Bluetooth
9933,Positioning
9933,Radio
9933,USB
9933,WLAN
9905,Bluetooth
9905,Positioning
9905,Radio
9905,USB
9905,WLAN
9765,Bluetooth
9765,Positioning
9765,Radio
9765,USB
9765,WLAN
9830,Bluetooth
9830,Positioning
9830,Radio
9830,USB
9830,WLAN
9823,Bluetooth
9823,Positioning
9823,USB
9823,WLAN
9747,Bluetooth
9747,Positioning
9747,USB
9747,WLAN
9728,Bluetooth
9728,Positioning
9728,USB
9728,WLAN
9742,Bluetooth
9742,Positioning
9742,Radio
9742,USB
9742,WLAN
9627,Bluetooth
9627,Positioning
9627,USB
9627,WLAN
9645,Bluetooth
9645,Positioning
9645,Radio
9645,USB
9645,WLAN
9644,Bluetooth
9644,Positioning
9644,Radio
9644,USB
9644,WLAN
9643,Bluetooth
9643,Positioning
9643,Radio
9643,USB
9643,WLAN
9668,Bluetooth
9668,Positioning
9668,USB
9668,WLAN
9576,Bluetooth
9576,Positioning
9576,Radio
9576,USB
9576,WLAN
9620,Bluetooth
9620,Positioning
9620,Radio
9620,USB
9620,WLAN
9625,Bluetooth
9625,Positioning
9625,Radio
9625,USB
9625,WLAN
9531,Bluetooth
9531,Positioning
9531,Radio
9531,USB
9531,WLAN
9501,Bluetooth
9501,Positioning
9501,Radio
9501,USB
9501,WLAN
9466,Bluetooth
9466,Positioning
9466,USB
9466,WLAN
9324,Bluetooth
9324,Positioning
9324,Radio
9324,USB
9324,WLAN
9272,Bluetooth
9272,Positioning
9272,Radio
9272,USB
9272,WLAN
9632,Bluetooth
9632,Positioning
9632,Radio
9632,USB
9632,WLAN
9209,Bluetooth
9209,Positioning
9209,Radio
9209,USB
9209,WLAN
9196,Bluetooth
9196,Positioning
9196,Radio
9196,USB
9196,WLAN
9188,Bluetooth
9188,Positioning
9188,Radio
9188,USB
9188,WLAN
9112,Bluetooth
9112,Positioning
9112,Radio
9112,USB
9112,WLAN
9092,Bluetooth
9092,Positioning
9092,USB
9092,WLAN
8857,Bluetooth
8857,Positioning
8857,Radio
8857,USB
8857,WLAN
8833,Bluetooth
8833,Positioning
8833,Radio
8833,USB
8833,WLAN
8632,Bluetooth
8632,Positioning
8632,Radio
8632,USB
8632,WLAN
8715,Bluetooth
8715,Positioning
8715,USB
8715,WLAN
8637,Bluetooth
8637,Positioning
8637,USB
8637,WLAN
8703,Bluetooth
8703,Positioning
8703,USB
8703,WLAN
8672,Bluetooth
8672,Positioning
8672,USB
8672,WLAN
8663,Bluetooth
8663,Positioning
8663,Radio
8663,USB
8663,WLAN
8578,Bluetooth
8578,Positioning
8578,USB
8578,WLAN
8635,Bluetooth
8635,Positioning
8635,USB
8635,WLAN
8687,Bluetooth
8687,Positioning
8687,Radio
8687,USB
8687,WLAN
8640,Bluetooth
8640,Positioning
8640,Radio
8640,USB
8640,WLAN
8686,Bluetooth
8686,Positioning
8686,Radio
8686,USB
8686,WLAN
8458,Bluetooth
8458,Positioning
8458,Radio
8458,USB
8458,WLAN
8402,Bluetooth
8402,Positioning
8402,Radio
8402,USB
8402,WLAN
8315,Bluetooth
8315,Positioning
8315,USB
8315,WLAN
8284,Bluetooth
8284,Positioning
8284,Radio
8284,USB
8284,WLAN
8302,Bluetooth
8302,Positioning
8302,USB
8302,WLAN
8301,Bluetooth
8301,Positioning
8301,USB
8301,WLAN
8285,Bluetooth
8285,Positioning
8285,Radio
8285,USB
8285,WLAN
8138,Bluetooth
8138,Positioning
8138,USB
8138,WLAN
8084,Bluetooth
8084,Positioning
8084,USB
8084,WLAN
8037,Bluetooth
8037,Positioning
8037,Radio
8037,USB
8037,WLAN
8036,Bluetooth
8036,Positioning
8036,Radio
8036,USB
8036,WLAN
7793,Bluetooth
7793,Positioning
7793,Radio
7793,USB
7793,WLAN
7744,Bluetooth
7744,Positioning
7744,Radio
7744,USB
7744,WLAN
7647,Bluetooth
7647,Positioning
7647,Radio
7647,USB
7647,WLAN
7440,Bluetooth
7440,Positioning
7440,Radio
7440,USB
7440,WLAN
7309,Bluetooth
7309,Positioning
7309,Radio
7309,USB
7309,WLAN
7829,Bluetooth
7829,Positioning
7829,Radio
7829,USB
7829,WLAN
7206,Bluetooth
7206,Positioning
7206,Radio
7206,USB
7206,WLAN
7279,Bluetooth
7279,Positioning
7279,Radio
7279,USB
7279,WLAN
7200,Bluetooth
7200,Positioning
7200,Radio
7200,USB
7200,WLAN
7187,Bluetooth
7187,Positioning
7187,Radio
7187,USB
7187,WLAN
7075,Bluetooth
7075,Positioning
7075,Radio
7075,USB
7075,WLAN
7076,Bluetooth
7076,Positioning
7076,Radio
7076,USB
7076,WLAN
7077,Bluetooth
7077,Positioning
7077,Radio
7077,USB
7077,WLAN
6909,Bluetooth
6909,Positioning
6909,Radio
6909,USB
6909,WLAN
6908,Bluetooth
6908,Radio
6908,USB
6908,WLAN
7308,Bluetooth
7308,Positioning
7308,Radio
7308,USB
7308,WLAN
6705,Positioning
6705,USB
6705,WLAN
6676,Bluetooth
6676,Positioning
6676,Radio
6676,USB
6676,WLAN
6678,Bluetooth
6678,Positioning
6678,Radio
6678,USB
6678,WLAN
6493,Bluetooth
6493,Positioning
6493,Radio
6493,USB
6493,WLAN
6290,Bluetooth
6290,Positioning
6290,Radio
6290,USB
6290,WLAN
6278,Bluetooth
6278,Positioning
6278,Radio
6278,USB
6278,WLAN
6136,Bluetooth
6136,Positioning
6136,Radio
6136,USB
6136,WLAN
6137,Bluetooth
6137,Positioning
6137,USB
6137,WLAN
6129,Bluetooth
6129,Positioning
6129,USB
6129,WLAN
6103,Bluetooth
6103,Positioning
6103,Radio
6103,USB
6103,WLAN
5981,Bluetooth
5981,Positioning
5981,USB
5981,WLAN
5979,Bluetooth
5979,Positioning
5979,Radio
5979,USB
5979,WLAN
5949,Bluetooth
5949,Positioning
5949,Radio
5949,USB
5949,WLAN
5936,Bluetooth
5936,Positioning
5936,Radio
5936,USB
5936,WLAN
5921,Bluetooth
5921,Radio
5921,USB
5921,WLAN
5840,Bluetooth
5840,Positioning
5840,Radio
5840,USB
5840,WLAN
5910,Bluetooth
5910,Positioning
5910,Radio
5910,USB
5910,WLAN
5485,Bluetooth
5485,Positioning
5485,USB
5485,WLAN
5633,Bluetooth
5633,Positioning
5633,Radio
5633,USB
5633,WLAN
5699,Bluetooth
5699,Positioning
5699,Radio
5699,USB
5699,WLAN
5632,Bluetooth
5632,Positioning
5632,Radio
5632,USB
5632,WLAN
5698,Bluetooth
5698,Positioning
5698,USB
5698,WLAN
5539,Bluetooth
5539,Positioning
5539,USB
5539,WLAN
5467,Bluetooth
5467,Positioning
5467,Radio
5467,USB
5467,WLAN
5386,Bluetooth
5386,Positioning
5386,Radio
5386,USB
5386,WLAN
5382,Bluetooth
5382,Positioning
5382,USB
5382,WLAN
5365,Bluetooth
5365,Positioning
5365,USB
5365,WLAN
5257,Bluetooth
5257,Positioning
5257,USB
5257,WLAN
5327,Bluetooth
5327,Positioning
5327,Radio
5327,USB
5327,WLAN
5648,Bluetooth
5648,Positioning
5648,Radio
5648,USB
5648,WLAN
5439,Bluetooth
5439,Positioning
5439,Radio
5439,USB
5439,WLAN
5065,Bluetooth
5065,Positioning
5065,USB
5065,WLAN
5237,Bluetooth
5237,Positioning
5237,Radio
5237,USB
5237,WLAN
5164,Bluetooth
5164,Positioning
5164,Radio
5164,USB
5164,WLAN
5141,Bluetooth
5141,Positioning
5141,Radio
5141,USB
5141,WLAN
5112,Bluetooth
5112,Positioning
5112,Radio
5112,USB
5112,WLAN
5077,Bluetooth
5077,Positioning
5077,USB
5077,WLAN
5068,Bluetooth
5068,Positioning
5068,USB
5068,WLAN
5022,Bluetooth
5022,Positioning
5022,Radio
5022,USB
5022,WLAN
5020,Bluetooth
5020,Positioning
5020,Radio
5020,USB
5020,WLAN
4966,Bluetooth
4966,Positioning
4966,USB
4966,WLAN
4882,Bluetooth
4882,Positioning
4882,USB
4882,WLAN
5383,Bluetooth
5383,Positioning
5383,Radio
5383,USB
5383,WLAN
4594,Bluetooth
4594,Positioning
4594,Radio
4594,USB
4594,WLAN
4410,Bluetooth
4410,Positioning
4410,Radio
4410,USB
4410,WLAN
5002,Bluetooth
5002,Positioning
5002,Radio
5002,USB
5002,WLAN
4570,Bluetooth
4570,Positioning
4570,Radio
4570,USB
4570,WLAN
4569,Bluetooth
4569,Positioning
4569,Radio
4569,USB
4569,WLAN
4568,Bluetooth
4568,Positioning
4568,Radio
4568,USB
4568,WLAN
4409,Bluetooth
4409,Positioning
4409,Radio
4409,USB
4409,WLAN
4381,Bluetooth
4381,Positioning
4381,Radio
4381,USB
4381,WLAN
4264,Bluetooth
4264,Positioning
4264,USB
4264,WLAN
4265,Bluetooth
4265,Positioning
4265,USB
4265,WLAN
4260,Bluetooth
4260,Positioning
4260,Radio
4260,USB
4260,WLAN
4234,Bluetooth
4234,Positioning
4234,Radio
4234,USB
4234,WLAN
4109,Bluetooth
4109,Positioning
4109,Radio
4109,USB
4109,WLAN
4057,Bluetooth
4057,Positioning
4057,USB
4057,WLAN
4226,Bluetooth
4226,Positioning
4226,Radio
4226,USB
4226,WLAN
4204,Bluetooth
4204,Positioning
4204,Radio
4204,USB
4204,WLAN
3789,Bluetooth
3789,Positioning
3789,USB
3789,WLAN
3595,Bluetooth
3595,Positioning
3595,Radio
3595,USB
3595,WLAN
3596,Bluetooth
3596,Positioning
3596,USB
3596,WLAN
3840,Bluetooth
3840,Positioning
3840,Radio
3840,USB
3840,WLAN
3513,Bluetooth
3513,Positioning
3513,Radio
3513,USB
3513,WLAN
3451,Bluetooth
3451,Positioning
3451,Radio
3451,USB
3451,WLAN
11924,Bluetooth
11924,Positioning
11924,Radio
11924,USB
11924,WLAN
11498,Bluetooth
11498,Positioning
11498,Radio
11498,USB
11498,WLAN
11473,Bluetooth
11473,Positioning
11473,Radio
11473,USB
11473,WLAN
12476,Bluetooth
12476,USB
12476,WLAN
12052,Bluetooth
12052,Positioning
12052,USB
12052,WLAN
12521,Bluetooth
12521,Positioning
12521,Radio
12521,USB
12521,WLAN
11394,Bluetooth
11394,USB
11394,WLAN
12008,Bluetooth
12008,Positioning
12008,Radio
12008,USB
12008,WLAN
10972,Bluetooth
10972,Positioning
10972,Radio
10972,USB
10972,WLAN
10992,Bluetooth
10992,Positioning
10992,Radio
10992,USB
10992,WLAN
10630,Bluetooth
10630,Positioning
10630,Radio
10630,USB
10630,WLAN
10733,Bluetooth
10733,Positioning
10733,Radio
10733,USB
10733,WLAN
10406,Bluetooth
10406,Positioning
10406,Radio
10406,USB
10406,WLAN
9821,Bluetooth
9821,Positioning
9821,Radio
9821,USB
9821,WLAN
9822,Bluetooth
9822,Positioning
9822,Radio
9822,USB
9822,WLAN
9826,Bluetooth
9826,Positioning
9826,Radio
9826,USB
9826,WLAN
9825,Bluetooth
9825,Positioning
9825,Radio
9825,USB
9825,WLAN
9824,Bluetooth
9824,Positioning
9824,Radio
9824,USB
9824,WLAN
9757,Bluetooth
9757,Positioning
9757,USB
9757,WLAN
9671,Bluetooth
9671,Positioning
9671,Radio
9671,USB
9671,WLAN
9655,Bluetooth
9655,Positioning
9655,Radio
9655,USB
9655,WLAN
9609,Bluetooth
9609,Positioning
9609,Radio
9609,USB
9609,WLAN
9490,Bluetooth
9490,Positioning
9490,Radio
9490,USB
9490,WLAN
9436,Bluetooth
9436,Positioning
9436,Radio
9436,USB
9436,WLAN
9375,Bluetooth
9375,Positioning
9375,Radio
9375,USB
9375,WLAN
9374,Bluetooth
9374,Positioning
9374,Radio
9374,USB
9374,WLAN
9371,Bluetooth
9371,Positioning
9371,Radio
9371,USB
9371,WLAN
9222,Bluetooth
9222,Positioning
9222,Radio
9222,USB
9222,WLAN
9226,Bluetooth
9226,Positioning
9226,Radio
9226,USB
9226,WLAN
9225,Bluetooth
9225,Positioning
9225,Radio
9225,USB
9225,WLAN
9144,Bluetooth
9144,Positioning
9144,Radio
9144,USB
9144,WLAN
9143,Bluetooth
9143,Positioning
9143,Radio
9143,USB
9143,WLAN
9116,Bluetooth
9116,Positioning
9116,Radio
9116,USB
9116,WLAN
8973,Bluetooth
8973,Positioning
8973,Radio
8973,USB
8973,WLAN
8942,Bluetooth
8942,Positioning
8942,USB
8942,WLAN
8941,Bluetooth
8941,Positioning
8941,USB
8941,WLAN
8834,Bluetooth
8834,Positioning
8834,Radio
8834,USB
8834,WLAN
8850,Bluetooth
8850,Positioning
8850,Radio
8850,USB
8850,WLAN
8794,Bluetooth
8794,Positioning
8794,Radio
8794,USB
8794,WLAN
8603,Bluetooth
8603,Positioning
8603,Radio
8603,USB
8603,WLAN
8602,Bluetooth
8602,Positioning
8602,Radio
8602,USB
8602,WLAN
8559,Bluetooth
8559,Positioning
8559,USB
8559,WLAN
8423,Bluetooth
8423,Positioning
8423,Radio
8423,USB
8423,WLAN
8376,Bluetooth
8376,Positioning
8376,Radio
8376,USB
8376,WLAN
8375,Bluetooth
8375,Positioning
8375,Radio
8375,USB
8375,WLAN
8506,Bluetooth
8506,Positioning
8506,Radio
8506,USB
8506,WLAN
8320,Bluetooth
8320,Positioning
8320,Radio
8320,USB
8320,WLAN
8318,Bluetooth
8318,Positioning
8318,Radio
8318,USB
8318,WLAN
8317,Bluetooth
8317,Positioning
8317,Radio
8317,USB
8317,WLAN
8316,Bluetooth
8316,Positioning
8316,Radio
8316,USB
8316,WLAN
8208,Bluetooth
8208,Positioning
8208,Radio
8208,USB
8208,WLAN
8193,Bluetooth
8193,Positioning
8193,Radio
8193,USB
8193,WLAN
8147,Bluetooth
8147,Positioning
8147,Radio
8147,USB
8147,WLAN
8146,Bluetooth
8146,Positioning
8146,Radio
8146,USB
8146,WLAN
8145,Bluetooth
8145,Positioning
8145,Radio
8145,USB
8145,WLAN
8125,Bluetooth
8125,Positioning
8125,USB
8125,WLAN
8101,Bluetooth
8101,Positioning
8101,Radio
8101,USB
8101,WLAN
8038,Bluetooth
8038,Positioning
8038,USB
8038,WLAN
7952,Bluetooth
7952,Positioning
7952,Radio
7952,USB
7952,WLAN
7951,Bluetooth
7951,Positioning
7951,Radio
7951,USB
7951,WLAN
7947,Bluetooth
7947,Positioning
7947,Radio
7947,USB
7947,WLAN
7946,Bluetooth
7946,Positioning
7946,Radio
7946,USB
7946,WLAN
7939,Bluetooth
7939,Positioning
7939,Radio
7939,USB
7939,WLAN
7878,Bluetooth
7878,Positioning
7878,Radio
7878,USB
7878,WLAN
7865,Bluetooth
7865,Positioning
7865,Radio
7865,USB
7865,WLAN
7850,Bluetooth
7850,Radio
7850,USB
7850,WLAN
7742,Bluetooth
7742,Positioning
7742,Radio
7742,USB
7742,WLAN
7605,Bluetooth
7605,Positioning
7605,Radio
7605,USB
7605,WLAN
8142,Bluetooth
8142,Positioning
8142,Radio
8142,USB
8142,WLAN
7557,Bluetooth
7557,Positioning
7557,Radio
7557,USB
7557,WLAN
7711,Bluetooth
7711,Positioning
7711,Radio
7711,USB
7711,WLAN
7552,Bluetooth
7552,Positioning
7552,Radio
7552,USB
7552,WLAN
7540,Bluetooth
7540,Positioning
7540,Radio
7540,USB
7540,WLAN
7354,Bluetooth
7354,Positioning
7354,Radio
7354,USB
7354,WLAN
7511,Bluetooth
7511,Positioning
7511,USB
7511,WLAN
7507,Bluetooth
7507,Positioning
7507,Radio
7507,USB
7507,WLAN
8043,Bluetooth
8043,Positioning
8043,Radio
8043,USB
8043,WLAN
7233,Bluetooth
7233,Positioning
7233,USB
7233,WLAN
7214,Bluetooth
7214,Positioning
7214,Radio
7214,USB
7214,WLAN
7197,Bluetooth
7197,Positioning
7197,Radio
7197,USB
7197,WLAN
7192,Bluetooth
7192,Positioning
7192,Radio
7192,USB
7192,WLAN
7147,Bluetooth
7147,Positioning
7147,Radio
7147,USB
7147,WLAN
7046,Bluetooth
7046,Positioning
7046,Radio
7046,USB
7046,WLAN
7886,Bluetooth
7886,Positioning
7886,Radio
7886,USB
7886,WLAN
7088,Bluetooth
7088,Positioning
7088,Radio
7088,USB
7088,WLAN
7167,Bluetooth
7167,Positioning
7167,Radio
7167,USB
7167,WLAN
7090,Bluetooth
7090,Positioning
7090,Radio
7090,USB
7090,WLAN
7063,Bluetooth
7063,Positioning
7063,Radio
7063,USB
7063,WLAN
6956,Bluetooth
6956,Positioning
6956,Radio
6956,USB
6956,WLAN
8185,Bluetooth
8185,Positioning
8185,USB
8185,WLAN
6955,Bluetooth
6955,Positioning
6955,USB
6955,WLAN
6938,Bluetooth
6938,Positioning
6938,Radio
6938,USB
6938,WLAN
6920,Bluetooth
6920,Positioning
6920,Radio
6920,USB
6920,WLAN
6919,Bluetooth
6919,Positioning
6919,Radio
6919,USB
6919,WLAN
6848,Bluetooth
6848,Positioning
6848,Radio
6848,USB
6848,WLAN
6842,Bluetooth
6842,Positioning
6842,Radio
6842,USB
6842,WLAN
6855,Bluetooth
6855,Positioning
6855,Radio
6855,USB
6855,WLAN
6789,Bluetooth
6789,Positioning
6789,Radio
6789,USB
6789,WLAN
6788,Bluetooth
6788,Positioning
6788,Radio
6788,USB
6788,WLAN
6787,Bluetooth
6787,Positioning
6787,Radio
6787,USB
6787,WLAN
6746,Bluetooth
6746,Positioning
6746,Radio
6746,USB
6746,WLAN
6730,Bluetooth
6730,Positioning
6730,USB
6730,WLAN
6681,Bluetooth
6681,Positioning
6681,Radio
6681,USB
6681,WLAN
6643,Bluetooth
6643,Positioning
6643,Radio
6643,USB
6643,WLAN
6642,Bluetooth
6642,Positioning
6642,Radio
6642,USB
6642,WLAN
6595,Bluetooth
6595,Positioning
6595,Radio
6595,USB
6595,WLAN
6529,Bluetooth
6529,Positioning
6529,Radio
6529,USB
6529,WLAN
6293,Bluetooth
6293,Positioning
6293,Radio
6293,USB
6293,WLAN
6370,Bluetooth
6370,Positioning
6370,Radio
6370,USB
6370,WLAN
6673,Bluetooth
6673,Positioning
6673,Radio
6673,USB
6673,WLAN
6369,Bluetooth
6369,Positioning
6369,Radio
6369,USB
6369,WLAN
6368,Bluetooth
6368,Positioning
6368,Radio
6368,USB
6368,WLAN
6296,Bluetooth
6296,Positioning
6296,Radio
6296,USB
6296,WLAN
6674,Bluetooth
6674,Positioning
6674,Radio
6674,USB
6674,WLAN
6283,Bluetooth
6283,Positioning
6283,Radio
6283,USB
6281,Bluetooth
6281,Positioning
6281,Radio
6281,USB
6281,WLAN
6280,Bluetooth
6280,Positioning
6280,Radio
6280,USB
6280,WLAN
6279,Bluetooth
6279,Positioning
6279,Radio
6279,USB
6279,WLAN
6159,Bluetooth
6159,Positioning
6159,Radio
6159,USB
6159,WLAN
6158,Bluetooth
6158,Positioning
6158,Radio
6158,USB
6158,WLAN
6157,Bluetooth
6157,Positioning
6157,Radio
6157,USB
6157,WLAN
6047,Bluetooth
6047,Positioning
6047,Radio
6047,USB
6047,WLAN
5934,Bluetooth
5934,Positioning
5934,Radio
5934,USB
5934,WLAN
5894,Bluetooth
5894,Positioning
5894,Radio
5894,USB
5894,WLAN
5893,Bluetooth
5893,Positioning
5893,Radio
5893,USB
5893,WLAN
5843,Bluetooth
5843,Positioning
5843,Radio
5843,USB
5843,WLAN
5830,Bluetooth
5830,Positioning
5830,Radio
5830,USB
5830,WLAN
5851,Bluetooth
5851,Positioning
5851,Radio
5851,USB
5851,WLAN
5684,Bluetooth
5684,Positioning
5684,Radio
5684,USB
5684,WLAN
5683,Bluetooth
5683,Positioning
5683,USB
5683,WLAN
5689,Bluetooth
5689,Positioning
5689,Radio
5689,USB
5689,WLAN
5612,Bluetooth
5612,Positioning
5612,Radio
5612,USB
5612,WLAN
5544,Bluetooth
5544,Positioning
5544,Radio
5544,USB
5544,WLAN
5486,Bluetooth
5486,Positioning
5486,Radio
5486,USB
5486,WLAN
5450,Bluetooth
5450,Positioning
5450,Radio
5450,USB
5450,WLAN
5850,Bluetooth
5850,Positioning
5850,Radio
5850,USB
5850,WLAN
5385,Bluetooth
5385,Positioning
5385,Radio
5385,USB
5385,WLAN
5353,Bluetooth
5353,Positioning
5353,USB
5353,WLAN
5352,Bluetooth
5352,Positioning
5352,USB
5352,WLAN
5241,Bluetooth
5241,Positioning
5241,Radio
5241,USB
5241,WLAN
5244,Bluetooth
5244,Positioning
5244,Radio
5244,USB
5244,WLAN
5247,Bluetooth
5247,USB
5247,WLAN
5463,Bluetooth
5463,Positioning
5463,Radio
5463,USB
5463,WLAN
5462,Bluetooth
5462,Positioning
5462,Radio
5462,USB
5462,WLAN
5245,Bluetooth
5245,Positioning
5245,Radio
5245,USB
5245,WLAN
5333,Bluetooth
5333,Positioning
5333,Radio
5333,USB
5333,WLAN
5246,Bluetooth
5246,Positioning
5246,Radio
5246,USB
5246,WLAN
5243,Bluetooth
5243,Positioning
5243,Radio
5243,USB
5243,WLAN
5140,Bluetooth
5140,Positioning
5140,Radio
5140,USB
5140,WLAN
5095,Bluetooth
5095,Positioning
5095,Radio
5095,USB
5095,WLAN
5094,Bluetooth
5094,Positioning
5094,Radio
5094,USB
5094,WLAN
5060,Bluetooth
5060,Positioning
5060,Radio
5060,USB
5060,WLAN
4985,Bluetooth
4985,Positioning
4985,USB
4985,WLAN
4956,Bluetooth
4956,Positioning
4956,Radio
4956,USB
4956,WLAN
4911,Bluetooth
4911,Positioning
4911,Radio
4911,USB
4911,WLAN
4424,Bluetooth
4424,Positioning
4424,USB
4424,WLAN
4445,Bluetooth
4445,Positioning
4445,USB
4445,WLAN
10742,Bluetooth
10742,Positioning
10742,Radio
10742,USB
10742,WLAN
10743,Bluetooth
10743,Positioning
10743,Radio
10743,USB
10743,WLAN
10744,Bluetooth
10744,Positioning
10744,Radio
10744,USB
10744,WLAN
10585,Bluetooth
10585,Positioning
10585,Radio
10585,USB
10585,WLAN
10586,Bluetooth
10586,Positioning
10586,Radio
10586,USB
10586,WLAN
10597,Bluetooth
10597,Positioning
10597,Radio
10597,USB
10597,WLAN
10451,Bluetooth
10451,Positioning
10451,USB
10451,WLAN
10382,Bluetooth
10382,Positioning
10382,USB
10382,WLAN
10090,Bluetooth
10090,Positioning
10090,Radio
10090,USB
10090,WLAN
9828,Bluetooth
9828,Positioning
9828,USB
9828,WLAN
9753,Bluetooth
9753,Positioning
9753,Radio
9753,USB
9753,WLAN
9752,Bluetooth
9752,Positioning
9752,Radio
9752,USB
9752,WLAN
9751,Bluetooth
9751,Positioning
9751,Radio
9751,USB
9751,WLAN
9758,Bluetooth
9758,Positioning
9758,USB
9758,WLAN
9544,Bluetooth
9544,Positioning
9544,USB
9544,WLAN
9309,Bluetooth
9309,Positioning
9309,Radio
9309,USB
9309,WLAN
9122,Bluetooth
9122,Positioning
9122,USB
9122,WLAN
10072,Bluetooth
10072,Positioning
10072,Radio
10072,USB
10072,WLAN
9073,Bluetooth
9073,Positioning
9073,Radio
9073,USB
9073,WLAN
9047,Bluetooth
9047,Positioning
9047,Radio
9047,USB
9047,WLAN
8780,Bluetooth
8780,Positioning
8780,USB
8780,WLAN
8584,Bluetooth
8584,Positioning
8584,Radio
8584,USB
8584,WLAN
8679,Bluetooth
8679,Positioning
8679,Radio
8679,USB
8679,WLAN
8678,Bluetooth
8678,Positioning
8678,Radio
8678,USB
8678,WLAN
8817,Bluetooth
8817,Positioning
8817,Radio
8817,USB
8817,WLAN
8489,Bluetooth
8489,Positioning
8489,Radio
8489,USB
8489,WLAN
8488,Bluetooth
8488,Positioning
8488,Radio
8488,USB
8488,WLAN
8159,Bluetooth
8159,Positioning
8159,Radio
8159,USB
8159,WLAN
8081,Bluetooth
8081,Positioning
8081,USB
8081,WLAN
8133,Bluetooth
8133,Positioning
8133,Radio
8133,USB
8133,WLAN
8132,Bluetooth
8132,Positioning
8132,Radio
8132,USB
8132,WLAN
8085,Bluetooth
8085,Positioning
8085,USB
8085,WLAN
7980,Bluetooth
7980,Positioning
7980,Radio
7980,USB
7980,WLAN
8269,Bluetooth
8269,Positioning
8269,Radio
8269,USB
8269,WLAN
7848,Bluetooth
7848,Positioning
7848,Radio
7848,USB
7848,WLAN
7883,Bluetooth
7883,Positioning
7883,Radio
7883,USB
7883,WLAN
7773,Bluetooth
7773,Positioning
7773,USB
7773,WLAN
7575,Bluetooth
7575,Positioning
7575,Radio
7575,USB
7575,WLAN
7496,Bluetooth
7496,Infrared port
7496,Positioning
7496,USB
7496,WLAN
7451,Bluetooth
7451,Positioning
7451,Radio
7451,USB
7451,WLAN
7442,Bluetooth
7442,Positioning
7442,USB
7442,WLAN
7437,Bluetooth
7437,Positioning
7437,Radio
7437,USB
7437,WLAN
7051,Bluetooth
7051,Positioning
7051,Radio
7051,USB
7051,WLAN
7053,Bluetooth
7053,Positioning
7053,Radio
7053,USB
7053,WLAN
7054,Bluetooth
7054,Positioning
7054,Radio
7054,USB
7054,WLAN
6812,Bluetooth
6812,Positioning
6812,USB
6812,WLAN
6776,Bluetooth
6776,Positioning
6776,Radio
6776,USB
6776,WLAN
6709,Bluetooth
6709,Positioning
6709,USB
6709,WLAN
6606,Bluetooth
6606,Positioning
6606,Radio
6606,USB
6606,WLAN
6555,Bluetooth
6555,Positioning
6555,Radio
6555,USB
6555,WLAN
6593,Bluetooth
6593,Positioning
6593,Radio
6593,USB
6593,WLAN
6575,Bluetooth
6575,Infrared port
6575,Positioning
6575,USB
6575,WLAN
6554,Bluetooth
6554,Infrared port
6554,Positioning
6554,USB
6554,WLAN
6315,Bluetooth
6315,Positioning
6315,Radio
6315,USB
6315,WLAN
6353,Bluetooth
6353,Infrared port
6353,Positioning
6353,USB
6353,WLAN
6352,Bluetooth
6352,Infrared port
6352,Positioning
6352,USB
6352,WLAN
7038,Bluetooth
7038,Positioning
7038,Radio
7038,USB
7038,WLAN
6307,Bluetooth
6307,Positioning
6307,Radio
6307,USB
6307,WLAN
6173,Bluetooth
6173,Infrared port
6173,Positioning
6173,USB
6173,WLAN
6077,Bluetooth
6077,Infrared port
6077,Positioning
6077,Radio
6077,USB
6077,WLAN
6171,Bluetooth
6171,Infrared port
6171,Positioning
6171,Radio
6171,USB
6171,WLAN
6101,Bluetooth
6101,Positioning
6101,Radio
6101,USB
6101,WLAN
6286,Bluetooth
6286,Positioning
6286,Radio
6286,USB
6286,WLAN
6102,Bluetooth
6102,Positioning
6102,Radio
6102,USB
6102,WLAN
6032,Bluetooth
6032,Positioning
6032,Radio
6032,USB
6032,WLAN
5772,Bluetooth
5772,Infrared port
5772,Positioning
5772,Radio
5772,USB
5772,WLAN
5736,Bluetooth
5736,Infrared port
5736,Positioning
5736,Radio
5736,USB
5736,WLAN
5750,Bluetooth
5750,Positioning
5750,Radio
5750,USB
5750,WLAN
5673,Bluetooth
5673,Infrared port
5673,Positioning
5673,USB
5673,WLAN
5649,Bluetooth
5649,Positioning
5649,WLAN
5602,Bluetooth
5602,Positioning
5602,USB
5602,WLAN
5488,Bluetooth
5488,Positioning
5488,Radio
5488,USB
5488,WLAN
5487,Bluetooth
5487,Positioning
5487,Radio
5487,USB
5487,WLAN
5554,Bluetooth
5554,Positioning
5554,USB
5554,WLAN
5390,Bluetooth
5390,Positioning
5390,USB
5390,WLAN
5315,Bluetooth
5315,Positioning
5315,Radio
5315,USB
5315,WLAN
5372,Bluetooth
5372,Positioning
5372,Radio
5372,USB
5372,WLAN
5373,Bluetooth
5373,Positioning
5373,Radio
5373,USB
5373,WLAN
5389,Bluetooth
5389,Positioning
5389,Radio
5389,USB
5389,WLAN
5292,Bluetooth
5292,Positioning
5292,Radio
5292,USB
5292,WLAN
5608,Bluetooth
5608,Positioning
5608,Radio
5608,USB
5608,WLAN
5025,Bluetooth
5025,Positioning
5025,USB
5025,WLAN
4982,Bluetooth
4982,Positioning
4982,USB
4982,WLAN
4964,Bluetooth
4964,Radio
4964,USB
4964,WLAN
4948,Bluetooth
4948,Positioning
4948,USB
4948,WLAN
4835,Bluetooth
4835,Positioning
4835,Radio
4835,USB
4835,WLAN
4717,Bluetooth
4717,Positioning
4717,USB
4717,WLAN
4653,Bluetooth
4653,Positioning
4653,USB
4653,WLAN
4649,Bluetooth
4649,Positioning
4649,USB
4649,WLAN
4461,Bluetooth
4461,Positioning
4461,Radio
4461,USB
4461,WLAN
4430,Bluetooth
4430,Positioning
4430,USB
4430,WLAN
4329,Bluetooth
4329,Positioning
4329,USB
4329,WLAN
4353,Bluetooth
4353,Positioning
4353,USB
4353,WLAN
4257,Bluetooth
4257,Positioning
4257,Radio
4257,USB
4257,WLAN
4213,Bluetooth
4213,Positioning
4213,USB
4213,WLAN
4201,Bluetooth
4201,Positioning
4201,USB
4201,WLAN
4140,Bluetooth
4140,Positioning
4140,USB
4140,WLAN
4157,Bluetooth
4157,Positioning
4157,Radio
4157,USB
4157,WLAN
4067,Bluetooth
4067,Positioning
4067,Radio
4067,USB
4067,WLAN
4309,Bluetooth
4309,Positioning
4309,Radio
4309,USB
4309,WLAN
4289,Bluetooth
4289,Positioning
4289,USB
4289,WLAN
4287,Bluetooth
4287,Positioning
4287,Radio
4287,USB
4287,WLAN
4037,Bluetooth
4037,Positioning
4037,Radio
4037,USB
4037,WLAN
4040,Bluetooth
4040,Positioning
4040,Radio
4040,USB
4040,WLAN
3886,Bluetooth
3886,Positioning
3886,Radio
3886,USB
3886,WLAN
3759,Bluetooth
3759,Positioning
3759,USB
3759,WLAN
3704,Bluetooth
3704,Positioning
3704,Radio
3704,USB
3704,WLAN
3762,Bluetooth
3762,Positioning
3762,Radio
3762,USB
3762,WLAN
3598,Bluetooth
3598,Positioning
3598,Radio
3598,USB
3598,WLAN
3731,Bluetooth
3731,Positioning
3731,USB
3731,WLAN
3558,Bluetooth
3558,Positioning
3558,Radio
3558,USB
3558,WLAN
3532,Bluetooth
3532,Positioning
3532,Radio
3532,USB
3532,WLAN
3516,Bluetooth
3516,Positioning
3516,Radio
3516,USB
3516,WLAN
3081,Bluetooth
3081,Positioning
3081,Radio
3081,USB
3081,WLAN
12471,Bluetooth
12471,Positioning
12471,USB
12471,WLAN
12321,Bluetooth
12321,Positioning
12321,Radio
12321,USB
12321,WLAN
12184,Bluetooth
12184,Positioning
12184,Radio
12184,USB
12184,WLAN
12139,Bluetooth
12139,Positioning
12139,Radio
12139,USB
12139,WLAN
12085,Bluetooth
12085,Positioning
12085,Radio
12085,USB
12085,WLAN
11825,Bluetooth
11825,Positioning
11825,Radio
11825,USB
11825,WLAN
11669,Bluetooth
11669,Positioning
11669,USB
11669,WLAN
11644,Bluetooth
11644,Positioning
11644,Radio
11644,USB
11644,WLAN
11629,Bluetooth
11629,Positioning
11629,Radio
11629,USB
11629,WLAN
11381,Bluetooth
11381,Positioning
11381,Radio
11381,USB
11381,WLAN
11380,Bluetooth
11380,Positioning
11380,Radio
11380,USB
11380,WLAN
11382,Bluetooth
11382,Positioning
11382,Radio
11382,USB
11382,WLAN
10967,Bluetooth
10967,Positioning
10967,Radio
10967,USB
10967,WLAN
11019,Bluetooth
11019,Positioning
11019,Radio
11019,USB
11019,WLAN
10959,Bluetooth
10959,Positioning
10959,Radio
10959,USB
10959,WLAN
10955,Bluetooth
10955,Positioning
10955,Radio
10955,USB
10955,WLAN
10842,Bluetooth
10842,Positioning
10842,Radio
10842,USB
10842,WLAN
10843,Bluetooth
10843,Positioning
10843,Radio
10843,USB
10843,WLAN
10844,Bluetooth
10844,Positioning
10844,Radio
10844,USB
10844,WLAN
10700,Bluetooth
10700,Positioning
10700,Radio
10700,USB
10700,WLAN
10584,Bluetooth
10584,Positioning
10584,Radio
10584,USB
10584,WLAN
10547,Bluetooth
10547,Positioning
10547,Radio
10547,USB
10547,WLAN
10460,Bluetooth
10460,Positioning
10460,Radio
10460,USB
10460,WLAN
10351,Bluetooth
10351,Positioning
10351,Radio
10351,USB
10351,WLAN
10273,Bluetooth
10273,Positioning
10273,Radio
10273,USB
10273,WLAN
10275,Bluetooth
10275,Positioning
10275,Radio
10275,USB
10275,WLAN
10274,Bluetooth
10274,Positioning
10274,Radio
10274,USB
10274,WLAN
10143,Bluetooth
10143,Positioning
10143,Radio
10143,USB
10143,WLAN
9993,Bluetooth
9993,Positioning
9993,Radio
9993,USB
9993,WLAN
9988,Bluetooth
9988,Positioning
9988,Radio
9988,USB
9988,WLAN
9731,Bluetooth
9731,Positioning
9731,Radio
9731,USB
9731,WLAN
9652,Bluetooth
9652,Positioning
9652,Radio
9652,USB
9652,WLAN
10619,Bluetooth
10619,Positioning
10619,Radio
10619,USB
10619,WLAN
9604,Bluetooth
9604,Positioning
9604,Radio
9604,USB
9604,WLAN
9538,Bluetooth
9538,Positioning
9538,Radio
9538,USB
9538,WLAN
9178,Bluetooth
9178,Positioning
9178,Radio
9178,USB
9178,WLAN
9246,Bluetooth
9246,Positioning
9246,Radio
9246,USB
9246,WLAN
9216,Bluetooth
9216,Positioning
9216,Radio
9216,USB
9216,WLAN
9052,Bluetooth
9052,Positioning
9052,Radio
9052,USB
9052,WLAN
8513,Bluetooth
8513,Positioning
8513,Radio
8513,USB
8513,WLAN
6877,Bluetooth
6877,Positioning
6877,Radio
6877,USB
6877,WLAN
6814,Bluetooth
6814,USB
6814,WLAN
6524,Bluetooth
6524,Positioning
6524,Radio
6524,USB
6524,WLAN
6523,Bluetooth
6523,Positioning
6523,Radio
6523,USB
6523,WLAN
6383,Bluetooth
6383,Positioning
6383,Radio
6383,USB
6383,WLAN
6254,Bluetooth
6254,Positioning
6254,Radio
6254,USB
6254,WLAN
6255,Bluetooth
6255,Positioning
6255,Radio
6255,USB
6255,WLAN
6232,Bluetooth
6232,Positioning
6232,Radio
6232,USB
6232,WLAN
6148,Bluetooth
6148,Positioning
6148,Radio
6148,USB
6148,WLAN
6147,Bluetooth
6147,Positioning
6147,Radio
6147,USB
6147,WLAN
6067,Bluetooth
6067,Positioning
6067,Radio
6067,USB
6067,WLAN
5869,Bluetooth
5869,Positioning
5869,Radio
5869,USB
5869,WLAN
5791,Bluetooth
5791,Positioning
5791,Radio
5791,USB
5791,WLAN
5438,Bluetooth
5438,Positioning
5438,Radio
5438,USB
5438,WLAN
5322,Bluetooth
5322,Positioning
5322,Radio
5322,USB
5322,WLAN
5150,Bluetooth
5150,Positioning
5150,Radio
5150,USB
5150,WLAN
5069,Bluetooth
5069,Positioning
5069,Radio
5069,USB
5069,WLAN
4662,Bluetooth
4662,Positioning
4662,Radio
4662,USB
4662,WLAN
4576,Bluetooth
4576,Positioning
4576,Radio
4576,USB
4576,WLAN
4578,Bluetooth
4578,Positioning
4578,Radio
4578,USB
4578,WLAN
4275,Bluetooth
4275,Positioning
4275,Radio
4275,USB
4275,WLAN
4240,Bluetooth
4240,Positioning
4240,Radio
4240,USB
4240,WLAN
4372,Bluetooth
4372,Positioning
4372,Radio
4372,USB
4372,WLAN
4276,Bluetooth
4276,Positioning
4276,Radio
4276,USB
4276,WLAN
4220,Bluetooth
4220,Positioning
4220,Radio
4220,USB
4220,WLAN
4223,Bluetooth
4223,Positioning
4223,Radio
4223,USB
4222,Bluetooth
4222,Positioning
4222,Radio
4222,USB
3578,Bluetooth
3578,Positioning
3578,Radio
3578,USB
3578,WLAN
3545,Bluetooth
3545,Positioning
3545,Radio
3545,USB
3545,WLAN
3524,Bluetooth
3524,Positioning
3524,Radio
3524,USB
3524,WLAN
3397,Bluetooth
3397,Positioning
3397,Radio
3397,USB
3397,WLAN
3390,Bluetooth
3390,Radio
3390,USB
3252,Bluetooth
3252,Positioning
3252,Radio
3252,USB
3252,WLAN
3109,Bluetooth
3109,Positioning
3109,Radio
3109,USB
3109,WLAN
12616,Bluetooth
12616,Positioning
12616,USB
12616,WLAN
12583,Bluetooth
12583,Positioning
12583,USB
12583,WLAN
11945,Bluetooth
11945,Positioning
11945,USB
11945,WLAN
11633,Bluetooth
11633,Positioning
11633,USB
11633,WLAN
11244,Bluetooth
11244,Positioning
11244,USB
11244,WLAN
11215,Bluetooth
11215,Positioning
11215,USB
11215,WLAN
11124,Bluetooth
11124,Positioning
11124,Radio
11124,USB
11124,WLAN
11087,Bluetooth
11087,Positioning
11087,Radio
11087,USB
11087,WLAN
10996,Bluetooth
10996,Positioning
10996,Radio
10996,USB
10996,WLAN
10900,Bluetooth
10900,Positioning
10900,USB
10900,WLAN
10825,Bluetooth
10825,Positioning
10825,Radio
10825,USB
10825,WLAN
10824,Bluetooth
10824,Positioning
10824,Radio
10824,USB
10824,WLAN
10578,Bluetooth
10578,Positioning
10578,USB
10578,WLAN
10663,Bluetooth
10663,Positioning
10663,Radio
10663,USB
10663,WLAN
10709,Bluetooth
10709,Positioning
10709,USB
10709,WLAN
10708,Bluetooth
10708,Positioning
10708,Radio
10708,USB
10708,WLAN
10603,Bluetooth
10603,Positioning
10603,USB
10603,WLAN
10580,Bluetooth
10580,Positioning
10580,Radio
10580,USB
10580,WLAN
10496,Bluetooth
10496,Positioning
10496,Radio
10496,USB
10496,WLAN
10498,Bluetooth
10498,Positioning
10498,Radio
10498,USB
10498,WLAN
10335,Bluetooth
10335,Positioning
10335,Radio
10335,USB
10335,WLAN
10316,Bluetooth
10316,Positioning
10316,Radio
10316,USB
10316,WLAN
10314,Bluetooth
10314,Positioning
10314,Radio
10314,USB
10314,WLAN
10216,Bluetooth
10216,Positioning
10216,Radio
10216,USB
10216,WLAN
10208,Bluetooth
10208,Positioning
10208,Radio
10208,USB
10208,WLAN
10483,Bluetooth
10483,Positioning
10483,USB
10483,WLAN
10124,Bluetooth
10124,Positioning
10124,Radio
10124,USB
10124,WLAN
10132,Bluetooth
10132,Positioning
10132,Radio
10132,USB
10132,WLAN
10004,Bluetooth
10004,Positioning
10004,USB
10004,WLAN
9999,Bluetooth
9999,Positioning
9999,Radio
9999,USB
9999,WLAN
9852,Bluetooth
9852,Positioning
9852,Radio
9852,USB
9852,WLAN
9861,Bluetooth
9861,Positioning
9861,Radio
9861,USB
9861,WLAN
9793,Bluetooth
9793,Positioning
9793,Radio
9793,USB
9793,WLAN
9790,Bluetooth
9790,Positioning
9790,USB
9790,WLAN
9781,Bluetooth
9781,Positioning
9781,USB
9781,WLAN
9636,Bluetooth
9636,Positioning
9636,Radio
9636,USB
9636,WLAN
9505,Bluetooth
9505,Positioning
9505,Radio
9505,USB
9505,WLAN
9508,Bluetooth
9508,Positioning
9508,Radio
9508,USB
9508,WLAN
9579,Bluetooth
9579,Positioning
9579,Radio
9579,USB
9579,WLAN
9580,Bluetooth
9580,Positioning
9580,Radio
9580,USB
9580,WLAN
9581,Bluetooth
9581,Positioning
9581,USB
9581,WLAN
9665,Bluetooth
9665,Positioning
9665,USB
9665,WLAN
9352,Bluetooth
9352,Positioning
9352,Radio
9352,USB
9352,WLAN
9397,Bluetooth
9397,Positioning
9397,Radio
9397,USB
9397,WLAN
9255,Bluetooth
9255,Positioning
9255,Radio
9255,USB
9255,WLAN
9260,Bluetooth
9260,Positioning
9260,Radio
9260,USB
9260,WLAN
8928,Bluetooth
8928,Positioning
8928,Radio
8928,USB
8928,WLAN
9205,Bluetooth
9205,Positioning
9205,Radio
9205,USB
9205,WLAN
9203,Bluetooth
9203,Positioning
9203,Radio
9203,USB
9203,WLAN
9204,Bluetooth
9204,Positioning
9204,Radio
9204,USB
9204,WLAN
9153,Bluetooth
9153,Positioning
9153,Radio
9153,USB
9153,WLAN
9135,Bluetooth
9135,Positioning
9135,Radio
9135,USB
9135,WLAN
8904,Bluetooth
8904,Positioning
8904,Radio
8904,USB
8904,WLAN
8900,Bluetooth
8900,Positioning
8900,Radio
8900,USB
8900,WLAN
8725,Bluetooth
8725,Positioning
8725,USB
8725,WLAN
8789,Bluetooth
8789,Positioning
8789,Radio
8789,USB
8789,WLAN
8778,Bluetooth
8778,Positioning
8778,USB
8778,WLAN
8684,Bluetooth
8684,Positioning
8684,Radio
8684,USB
8684,WLAN
9331,Bluetooth
9331,Positioning
9331,USB
9331,WLAN
8682,Bluetooth
8682,Positioning
8682,Radio
8682,USB
8682,WLAN
8397,Bluetooth
8397,Positioning
8397,Radio
8397,USB
8397,WLAN
8486,Bluetooth
8486,Positioning
8486,Radio
8486,USB
8486,WLAN
8385,Bluetooth
8385,Positioning
8385,Radio
8385,USB
8385,WLAN
8424,Bluetooth
8424,Positioning
8424,Radio
8424,USB
8424,WLAN
8265,Bluetooth
8265,Positioning
8265,Radio
8265,USB
8265,WLAN
8342,Bluetooth
8342,Positioning
8342,Radio
8342,USB
8342,WLAN
8314,Bluetooth
8314,Positioning
8314,Radio
8314,USB
8314,WLAN
8288,Bluetooth
8288,Positioning
8288,Radio
8288,USB
8288,WLAN
8140,Bluetooth
8140,Positioning
8140,Radio
8140,USB
8140,WLAN
8192,Bluetooth
8192,Positioning
8192,Radio
8192,USB
8192,WLAN
8186,Bluetooth
8186,Positioning
8186,Radio
8186,USB
8186,WLAN
8228,Bluetooth
8228,Positioning
8228,Radio
8228,USB
8228,WLAN
8083,Bluetooth
8083,Positioning
8083,Radio
8083,USB
8083,WLAN
7880,Bluetooth
7880,Positioning
7880,USB
7880,WLAN
7768,Bluetooth
7768,Positioning
7768,Radio
7768,USB
7768,WLAN
7879,Bluetooth
7879,Positioning
7879,USB
7879,WLAN
7864,Bluetooth
7864,Positioning
7864,Radio
7864,USB
7864,WLAN
8022,Bluetooth
8022,Positioning
8022,Radio
8022,USB
8022,WLAN
7679,Bluetooth
7679,Positioning
7679,Radio
7679,USB
7679,WLAN
7648,Bluetooth
7648,Positioning
7648,Radio
7648,USB
7648,WLAN
7273,Bluetooth
7273,Positioning
7273,Radio
7273,USB
7273,WLAN
7673,Bluetooth
7673,Positioning
7673,Radio
7673,USB
7673,WLAN
7453,Bluetooth
7453,Positioning
7453,USB
7453,WLAN
7506,Bluetooth
7506,Positioning
7506,Radio
7506,USB
7506,WLAN
7395,Bluetooth
7395,Positioning
7395,Radio
7395,USB
7395,WLAN
8785,Bluetooth
8785,Positioning
8785,Radio
8785,USB
8785,WLAN
7134,Bluetooth
7134,Positioning
7134,USB
7134,WLAN
8883,Bluetooth
8883,Positioning
8883,USB
8883,WLAN
7121,Bluetooth
7121,Positioning
7121,USB
7121,WLAN
6907,Bluetooth
6907,Positioning
6907,Radio
6907,USB
6907,WLAN
7110,Bluetooth
7110,Positioning
7110,USB
7110,WLAN
6894,Bluetooth
6894,Positioning
6894,Radio
6894,USB
6894,WLAN
6905,Bluetooth
6905,Positioning
6905,Radio
6905,USB
6905,WLAN
6906,Bluetooth
6906,Positioning
6906,Radio
6906,USB
6906,WLAN
6725,Bluetooth
6725,Positioning
6725,Radio
6725,USB
6725,WLAN
6790,Bluetooth
6790,Positioning
6790,Radio
6790,USB
6790,WLAN
6563,Bluetooth
6563,Infrared port
6563,Positioning
6563,USB
6563,WLAN
6662,Bluetooth
6662,Positioning
6662,Radio
6662,USB
6662,WLAN
6534,Bluetooth
6534,Positioning
6534,Radio
6534,USB
6534,WLAN
6391,Bluetooth
6391,Radio
6391,USB
6391,WLAN
6479,Bluetooth
6479,Positioning
6479,Radio
6479,USB
6479,WLAN
6480,Bluetooth
6480,Positioning
6480,Radio
6480,USB
6480,WLAN
6481,Bluetooth
6481,Radio
6481,USB
6481,WLAN
6331,Bluetooth
6331,Positioning
6331,Radio
6331,USB
6331,WLAN
6435,Bluetooth
6435,Infrared port
6435,Positioning
6435,USB
6435,WLAN
6439,Bluetooth
6439,Infrared port
6439,Positioning
6439,USB
6439,WLAN
6433,Bluetooth
6433,Positioning
6433,Radio
6433,USB
6433,WLAN
6251,Bluetooth
6251,Infrared port
6251,Positioning
6251,USB
6251,WLAN
6250,Bluetooth
6250,Infrared port
6250,Positioning
6250,USB
6250,WLAN
6241,Bluetooth
6241,Infrared port
6241,Positioning
6241,USB
6241,WLAN
6249,Bluetooth
6249,Infrared port
6249,Positioning
6249,USB
6249,WLAN
6248,Bluetooth
6248,Infrared port
6248,Positioning
6248,USB
6248,WLAN
6240,Bluetooth
6240,Infrared port
6240,Positioning
6240,USB
6240,WLAN
6209,Bluetooth
6209,Positioning
6209,USB
6209,WLAN
6054,Bluetooth
6054,Positioning
6054,Radio
6054,USB
6054,WLAN
6015,Bluetooth
6015,Positioning
6015,USB
6015,WLAN
5975,Bluetooth
5975,Positioning
5975,USB
5975,WLAN
5969,Bluetooth
5969,Positioning
5969,USB
5969,WLAN
5958,Bluetooth
5958,Positioning
5958,Radio
5958,USB
5958,WLAN
6049,Bluetooth
6049,Infrared port
6049,Positioning
6049,USB
6049,WLAN
5946,Bluetooth
5946,Infrared port
5946,Positioning
5946,USB
5946,WLAN
5886,Bluetooth
5886,Positioning
5886,USB
5886,WLAN
5876,Bluetooth
5876,Positioning
5876,Radio
5876,USB
5876,WLAN
5862,Bluetooth
5862,Positioning
5862,Radio
5862,USB
5862,WLAN
5841,Bluetooth
5841,Positioning
5841,Radio
5841,USB
5841,WLAN
5749,Bluetooth
5749,Radio
5749,USB
5749,WLAN
5597,Bluetooth
5597,Positioning
5597,USB
5597,WLAN
5456,Bluetooth
5456,Infrared port
5456,Positioning
5456,USB
5456,WLAN
5468,Bluetooth
5468,Positioning
5468,USB
5468,WLAN
5419,Bluetooth
5419,Positioning
5419,Radio
5419,USB
5419,WLAN
5423,Bluetooth
5423,Positioning
5423,USB
5423,WLAN
5422,Bluetooth
5422,Infrared port
5422,Positioning
5422,USB
5422,WLAN
5396,Bluetooth
5396,Positioning
5396,USB
5396,WLAN
5394,Bluetooth
5394,Positioning
5394,USB
5394,WLAN
5392,Bluetooth
5392,Positioning
5392,Radio
5392,USB
5392,WLAN
5391,Bluetooth
5391,Positioning
5391,Radio
5391,USB
5391,WLAN
5314,Bluetooth
5314,Radio
5314,USB
5314,WLAN
5253,Bluetooth
5253,Infrared port
5253,Positioning
5253,USB
5253,WLAN
5280,Bluetooth
5280,Positioning
5280,Radio
5280,USB
5280,WLAN
5263,Bluetooth
5263,Positioning
5263,Radio
5263,USB
5263,WLAN
5163,Bluetooth
5163,Positioning
5163,Radio
5163,USB
5163,WLAN
5162,Bluetooth
5162,Positioning
5162,Radio
5162,USB
5162,WLAN
5111,Bluetooth
5111,Positioning
5111,USB
5111,WLAN
5027,Bluetooth
5027,Positioning
5027,Radio
5027,USB
5027,WLAN
5026,Bluetooth
5026,Positioning
5026,Radio
5026,USB
5026,WLAN
4961,Bluetooth
4961,Positioning
4961,USB
4961,WLAN
4957,Bluetooth
4957,Positioning
4957,USB
4957,WLAN
4954,Bluetooth
4954,Positioning
4954,USB
4954,WLAN
4953,Bluetooth
4953,Positioning
4953,USB
4953,WLAN
4923,Bluetooth
4923,Infrared port
4923,Positioning
4923,USB
4923,WLAN
4883,Bluetooth
4883,Positioning
4883,Radio
4883,USB
4883,WLAN
5114,Bluetooth
5114,Positioning
5114,Radio
5114,USB
5114,WLAN
4777,Bluetooth
4777,Positioning
4777,Radio
4777,USB
4777,WLAN
4771,Bluetooth
4771,Positioning
4771,USB
4771,WLAN
4750,Bluetooth
4750,Positioning
4750,Radio
4750,USB
4750,WLAN
5461,Bluetooth
5461,Positioning
5461,Radio
5461,USB
5461,WLAN
4566,Bluetooth
4566,Positioning
4566,Radio
4566,USB
4566,WLAN
4564,Bluetooth
4564,Positioning
4564,USB
4564,WLAN
5340,Bluetooth
5340,Positioning
5340,Radio
5340,USB
5340,WLAN
4544,Bluetooth
4544,Positioning
4544,Radio
4544,USB
4544,WLAN
4671,Bluetooth
4671,Positioning
4671,USB
4671,WLAN
4543,Bluetooth
4543,Positioning
4543,USB
4543,WLAN
4419,Bluetooth
4419,Positioning
4419,USB
4419,WLAN
4415,Bluetooth
4415,Positioning
4415,Radio
4415,USB
4415,WLAN
4397,Bluetooth
4397,Positioning
4397,Radio
4397,USB
4397,WLAN
4387,Bluetooth
4387,Positioning
4387,Radio
4387,USB
4387,WLAN
4344,Bluetooth
4344,Positioning
4344,USB
4344,WLAN
4158,Bluetooth
4158,Positioning
4158,Radio
4158,USB
4158,WLAN
4159,Bluetooth
4159,Positioning
4159,Radio
4159,USB
4159,WLAN
4277,Bluetooth
4277,Positioning
4277,USB
4277,WLAN
4262,Bluetooth
4262,Positioning
4262,USB
4262,WLAN
4071,Bluetooth
4071,Positioning
4071,USB
4071,WLAN
4239,Bluetooth
4239,Positioning
4239,USB
4667,Bluetooth
4667,Infrared port
4667,Positioning
4667,USB
4667,WLAN
4208,Bluetooth
4208,Infrared port
4208,Positioning
4208,USB
4208,WLAN
4200,Bluetooth
4200,Positioning
4200,Radio
4200,USB
4200,WLAN
4668,Bluetooth
4668,Positioning
4668,WLAN
4136,Bluetooth
4136,Positioning
4136,USB
4136,WLAN
4114,Bluetooth
4114,Positioning
4114,Radio
4114,USB
4114,WLAN
4117,Bluetooth
4117,Positioning
4117,Radio
4117,USB
4117,WLAN
4091,Bluetooth
4091,Positioning
4091,Radio
4091,USB
4091,WLAN
4059,Bluetooth
4059,Positioning
4059,USB
4059,WLAN
3967,Bluetooth
3967,Positioning
3967,Radio
3967,USB
3967,WLAN
4026,Bluetooth
4026,Positioning
4026,USB
4026,WLAN
3969,Bluetooth
3969,Positioning
3969,USB
3969,WLAN
3968,Bluetooth
3968,Positioning
3968,USB
3968,WLAN
3908,Bluetooth
3908,Positioning
3908,Radio
3908,USB
3908,WLAN
3913,Bluetooth
3913,Positioning
3913,USB
3913,WLAN
3919,Bluetooth
3919,USB
3919,WLAN
3893,Bluetooth
3893,Positioning
3893,USB
3893,WLAN
3761,Bluetooth
3761,Positioning
3761,Radio
3761,USB
3761,WLAN
3724,Bluetooth
3724,Positioning
3724,Radio
3724,USB
3724,WLAN
3726,Bluetooth
3726,Positioning
3726,Radio
3726,USB
3726,WLAN
3741,Bluetooth
3741,Positioning
3741,Radio
3741,USB
3741,WLAN
3725,Bluetooth
3725,Positioning
3725,Radio
3725,USB
3725,WLAN
3719,Bluetooth
3719,Positioning
3719,USB
3719,WLAN
3453,Bluetooth
3453,Positioning
3453,Radio
3453,USB
3453,WLAN
3672,Bluetooth
3672,Positioning
3672,USB
3672,WLAN
3370,Bluetooth
3370,Positioning
3370,USB
3370,WLAN
3580,Bluetooth
3580,Positioning
3580,Radio
3580,USB
3580,WLAN
3581,Bluetooth
3581,Positioning
3581,USB
3581,WLAN
3408,Bluetooth
3408,Positioning
3408,USB
3408,WLAN
3410,Bluetooth
3410,Positioning
3410,Radio
3410,USB
3410,WLAN
3432,Bluetooth
3432,Positioning
3432,Radio
3432,USB
3432,WLAN
3395,Bluetooth
3395,Positioning
3395,Radio
3395,USB
3395,WLAN
3294,Bluetooth
3294,Positioning
3294,USB
3294,WLAN
3115,Bluetooth
3115,Positioning
3115,Radio
3115,USB
3115,WLAN
7060,Bluetooth
7060,Positioning
7060,Radio
7060,USB
7060,WLAN
7031,Bluetooth
7031,Positioning
7031,Radio
7031,USB
7031,WLAN
6882,Bluetooth
6882,Positioning
6882,Radio
6882,USB
6882,WLAN
5967,Bluetooth
5967,Positioning
5967,Radio
5967,USB
5967,WLAN
5966,Bluetooth
5966,Positioning
5966,Radio
5966,USB
5966,WLAN
5541,Bluetooth
5541,Positioning
5541,Radio
5541,USB
5541,WLAN
5148,Bluetooth
5148,Positioning
5148,Radio
5148,USB
5148,WLAN
5149,Bluetooth
5149,Positioning
5149,Radio
5149,USB
5149,WLAN
4930,Bluetooth
4930,Positioning
4930,Radio
4930,USB
4930,WLAN
4832,Bluetooth
4832,Positioning
4832,Radio
4832,USB
4832,WLAN
4718,Bluetooth
4718,Positioning
4718,Radio
4718,USB
4718,WLAN
4831,Bluetooth
4831,Positioning
4831,Radio
4831,USB
4831,WLAN
4782,Bluetooth
4782,Positioning
4782,Radio
4782,USB
4782,WLAN
4775,Bluetooth
4775,Infrared port
4775,Positioning
4775,Radio
4775,USB
4775,WLAN
4774,Bluetooth
4774,Positioning
4774,USB
4774,WLAN
4773,Bluetooth
4773,Infrared port
4773,Positioning
4773,Radio
4773,USB
4773,WLAN
4772,Bluetooth
4772,Infrared port
4772,Positioning
4772,Radio
4772,USB
4772,WLAN
4647,Bluetooth
4647,Positioning
4647,USB
4647,WLAN
4437,Bluetooth
4437,Positioning
4437,Radio
4437,USB
4437,WLAN
12582,Bluetooth
12582,Infrared port
12582,Positioning
12582,USB
12582,WLAN
12197,Bluetooth
12197,Positioning
12197,Radio
12197,USB
12197,WLAN
12124,Bluetooth
12124,Positioning
12124,Radio
12124,USB
12124,WLAN
12053,Bluetooth
12053,Positioning
12053,Radio
12053,USB
12053,WLAN
11956,Bluetooth
11956,Infrared port
11956,Positioning
11956,USB
11956,WLAN
11904,Bluetooth
11904,Infrared port
11904,Positioning
11904,USB
11904,WLAN
11909,Bluetooth
11909,Positioning
11909,Radio
11909,USB
11909,WLAN
11848,Bluetooth
11848,Positioning
11848,Radio
11848,USB
11848,WLAN
11519,Bluetooth
11519,Infrared port
11519,Positioning
11519,Radio
11519,USB
11519,WLAN
11449,Bluetooth
11449,Positioning
11449,USB
11449,WLAN
11412,Bluetooth
11412,Infrared port
11412,Positioning
11412,USB
11412,WLAN
11396,Bluetooth
11396,Infrared port
11396,Positioning
11396,USB
11396,WLAN
11186,Bluetooth
11186,Infrared port
11186,Positioning
11186,USB
11186,WLAN
11241,Bluetooth
11241,Infrared port
11241,Positioning
11241,USB
11241,WLAN
11181,Bluetooth
11181,Infrared port
11181,Positioning
11181,USB
11181,WLAN
11129,Bluetooth
11129,Positioning
11129,Radio
11129,USB
11129,WLAN
11128,Bluetooth
11128,Positioning
11128,Radio
11128,USB
11128,WLAN
11134,Bluetooth
11134,Positioning
11134,Radio
11134,USB
11134,WLAN
11127,Bluetooth
11127,Positioning
11127,Radio
11127,USB
11127,WLAN
11079,Bluetooth
11079,Infrared port
11079,Positioning
11079,Radio
11079,USB
11079,WLAN
11008,Bluetooth
11008,Infrared port
11008,Positioning
11008,Radio
11008,USB
11008,WLAN
10919,Bluetooth
10919,Infrared port
10919,Positioning
10919,Radio
10919,USB
10919,WLAN
10867,Bluetooth
10867,Infrared port
10867,Positioning
10867,Radio
10867,USB
10867,WLAN
10247,Bluetooth
10247,Infrared port
10247,Positioning
10247,Radio
10247,USB
10247,WLAN
10770,Bluetooth
10770,Infrared port
10770,Positioning
10770,USB
10770,WLAN
10771,Bluetooth
10771,Infrared port
10771,Positioning
10771,USB
10771,WLAN
10616,Bluetooth
10616,Infrared port
10616,Positioning
10616,Radio
10616,USB
10616,WLAN
10581,Bluetooth
10581,Infrared port
10581,Positioning
10581,USB
10581,WLAN
10609,Bluetooth
10609,Infrared port
10609,Positioning
10609,Radio
10609,USB
10609,WLAN
10599,Bluetooth
10599,Infrared port
10599,Positioning
10599,Radio
10599,USB
10599,WLAN
10591,Bluetooth
10591,Positioning
10591,Radio
10591,USB
10591,WLAN
10399,Bluetooth
10399,Positioning
10399,Radio
10399,USB
10399,WLAN
10461,Bluetooth
10461,Infrared port
10461,Positioning
10461,Radio
10461,USB
10461,WLAN
10398,Bluetooth
10398,Positioning
10398,Radio
10398,USB
10398,WLAN
10350,Bluetooth
10350,Positioning
10350,USB
10350,WLAN
10318,Bluetooth
10318,Infrared port
10318,Positioning
10318,Radio
10318,USB
10318,WLAN
10279,Bluetooth
10279,Positioning
10279,Radio
10279,USB
10279,WLAN
10278,Bluetooth
10278,Positioning
10278,Radio
10278,USB
10278,WLAN
10266,Bluetooth
10266,Infrared port
10266,Positioning
10266,Radio
10266,USB
10266,WLAN
10202,Bluetooth
10202,Infrared port
10202,Positioning
10202,Radio
10202,USB
10202,WLAN
10147,Bluetooth
10147,Infrared port
10147,Positioning
10147,Radio
10147,USB
10147,WLAN
10126,Bluetooth
10126,Infrared port
10126,Positioning
10126,Radio
10126,USB
10126,WLAN
10120,Bluetooth
10120,Infrared port
10120,Positioning
10120,Radio
10120,USB
10120,WLAN
10109,Bluetooth
10109,Positioning
10109,USB
10109,WLAN
10110,Bluetooth
10110,Positioning
10110,USB
10110,WLAN
10169,Bluetooth
10169,Positioning
10169,Radio
10169,USB
10169,WLAN
10078,Bluetooth
10078,Positioning
10078,Radio
10078,USB
10078,WLAN
9800,Bluetooth
9800,Infrared port
9800,Positioning
9800,Radio
9800,USB
9800,WLAN
9897,Bluetooth
9897,Positioning
9897,Radio
9897,USB
9897,WLAN
9779,Bluetooth
9779,Positioning
9779,USB
9779,WLAN
9769,Bluetooth
9769,Infrared port
9769,Positioning
9769,Radio
9769,USB
9769,WLAN
9716,Bluetooth
9716,Positioning
9716,Radio
9716,USB
9716,WLAN
9759,Bluetooth
9759,Infrared port
9759,Positioning
9759,Radio
9759,USB
9759,WLAN
9707,Bluetooth
9707,Infrared port
9707,Positioning
9707,Radio
9707,USB
9707,WLAN
9639,Bluetooth
9639,Positioning
9639,USB
9639,WLAN
9498,Bluetooth
9498,Infrared port
9498,Positioning
9498,Radio
9498,USB
9498,WLAN
9521,Bluetooth
9521,Infrared port
9521,Positioning
9521,Radio
9521,USB
9521,WLAN
9534,Bluetooth
9534,Positioning
9534,Radio
9534,USB
9534,WLAN
9513,Bluetooth
9513,Infrared port
9513,Positioning
9513,Radio
9513,USB
9513,WLAN
9499,Bluetooth
9499,Positioning
9499,Radio
9499,USB
9499,WLAN
9382,Bluetooth
9382,Positioning
9382,USB
9382,WLAN
9333,Bluetooth
9333,Infrared port
9333,Positioning
9333,Radio
9333,WLAN
9329,Bluetooth
9329,Positioning
9329,USB
9329,WLAN
9293,Bluetooth
9293,Positioning
9293,Radio
9293,USB
9293,WLAN
9140,Bluetooth
9140,Infrared port
9140,Positioning
9140,USB
9140,WLAN
9247,Bluetooth
9247,Infrared port
9247,Positioning
9247,Radio
9247,USB
9247,WLAN
8963,Bluetooth
8963,Infrared port
8963,Positioning
8963,Radio
8963,USB
8963,WLAN
9249,Bluetooth
9249,Positioning
9249,USB
9249,WLAN
9237,Bluetooth
9237,Positioning
9237,Radio
9237,USB
9237,WLAN
9217,Bluetooth
9217,Positioning
9217,Radio
9217,USB
9217,WLAN
9219,Bluetooth
9219,Infrared port
9219,Positioning
9219,USB
9219,WLAN
9185,Bluetooth
9185,Infrared port
9185,Radio
9185,USB
9185,WLAN
9120,Bluetooth
9120,Infrared port
9120,Positioning
9120,Radio
9120,USB
9120,WLAN
8893,Bluetooth
8893,Infrared port
8893,Positioning
8893,Radio
8893,USB
8893,WLAN
9164,Bluetooth
9164,Positioning
9164,USB
9164,WLAN
8959,Bluetooth
8959,Infrared port
8959,Positioning
8959,Radio
8959,USB
8959,WLAN
8768,Bluetooth
8768,Infrared port
8768,Positioning
8768,Radio
8768,USB
8768,WLAN
8898,Bluetooth
8898,Infrared port
8898,Positioning
8898,Radio
8898,USB
8898,WLAN
8753,Bluetooth
8753,Infrared port
8753,Positioning
8753,Radio
8753,USB
8753,WLAN
8818,Bluetooth
8818,Infrared port
8818,Positioning
8818,Radio
8818,USB
8818,WLAN
8776,Bluetooth
8776,Infrared port
8776,Positioning
8776,Radio
8776,USB
8776,WLAN
8582,Bluetooth
8582,Infrared port
8582,Positioning
8582,Radio
8582,USB
8582,WLAN
8608,Bluetooth
8608,Infrared port
8608,Positioning
8608,Radio
8608,USB
8608,WLAN
8477,Bluetooth
8477,Radio
8477,USB
8477,WLAN
8439,Bluetooth
8439,Infrared port
8439,Positioning
8439,Radio
8439,USB
8439,WLAN
8580,Bluetooth
8580,Infrared port
8580,Positioning
8580,Radio
8580,USB
8580,WLAN
8531,Bluetooth
8531,Infrared port
8531,Positioning
8531,Radio
8531,USB
8531,WLAN
8420,Bluetooth
8420,Infrared port
8420,Positioning
8420,Radio
8420,USB
8420,WLAN
8419,Bluetooth
8419,Infrared port
8419,Positioning
8419,Radio
8419,USB
8419,WLAN
8263,Bluetooth
8263,Infrared port
8263,Positioning
8263,Radio
8263,USB
8263,WLAN
8291,Bluetooth
8291,Infrared port
8291,Positioning
8291,Radio
8291,USB
8291,WLAN
8233,Bluetooth
8233,Infrared port
8233,Positioning
8233,Radio
8233,USB
8233,WLAN
8212,Bluetooth
8212,Infrared port
8212,Positioning
8212,Radio
8212,USB
8212,WLAN
8250,Bluetooth
8250,Infrared port
8250,Positioning
8250,Radio
8250,USB
8250,WLAN
8150,Bluetooth
8150,Infrared port
8150,Positioning
8150,Radio
8150,USB
8150,WLAN
8007,Bluetooth
8007,Infrared port
8007,Positioning
8007,Radio
8007,USB
8007,WLAN
7962,Bluetooth
7962,Infrared port
7962,Positioning
7962,USB
7962,WLAN
7863,Bluetooth
7863,Infrared port
7863,Positioning
7863,Radio
7863,USB
7863,WLAN
7862,Bluetooth
7862,Infrared port
7862,Positioning
7862,Radio
7862,USB
7862,WLAN
7822,Bluetooth
7822,Positioning
7822,Radio
7822,USB
7822,WLAN
7769,Bluetooth
7769,Infrared port
7769,Positioning
7769,Radio
7769,USB
7769,WLAN
7512,Bluetooth
7512,Infrared port
7512,Positioning
7512,USB
7512,WLAN
6992,Bluetooth
6992,Infrared port
6992,Positioning
6992,Radio
6992,USB
6992,WLAN
7710,Bluetooth
7710,Positioning
7710,Radio
7710,USB
7710,WLAN
7480,Bluetooth
7480,Positioning
7480,Radio
7480,USB
7480,WLAN
7211,Bluetooth
7211,Positioning
7211,Radio
7211,USB
7211,WLAN
6952,Bluetooth
6952,Positioning
6952,USB
6952,WLAN
6944,Bluetooth
6944,Positioning
6944,USB
6944,WLAN
7159,Bluetooth
7159,Positioning
7159,Radio
7159,USB
7159,WLAN
6884,Bluetooth
6884,Positioning
6884,Radio
6884,USB
6884,WLAN
6866,Bluetooth
6866,Infrared port
6866,Positioning
6866,Radio
6866,USB
6866,WLAN
6561,Bluetooth
6561,Positioning
6561,Radio
6561,USB
6561,WLAN
6518,Bluetooth
6518,Infrared port
6518,Positioning
6518,Radio
6518,USB
6518,WLAN
6365,Bluetooth
6365,USB
6365,WLAN
6217,Bluetooth
6217,Positioning
6217,Radio
6217,USB
6217,WLAN
6373,Bluetooth
6373,Positioning
6373,Radio
6373,USB
6373,WLAN
5609,Bluetooth
5609,Positioning
5609,Radio
5609,USB
5609,WLAN
5397,Bluetooth
5397,Positioning
5397,Radio
5397,USB
5397,WLAN
4928,Bluetooth
4928,Positioning
4928,Radio
4928,USB
4928,WLAN
4929,Bluetooth
4929,Positioning
4929,USB
4929,WLAN
12611,Bluetooth
12611,Positioning
12611,USB
12611,WLAN
12455,Bluetooth
12455,Positioning
12455,USB
12455,WLAN
11660,Bluetooth
11660,Positioning
11660,USB
11660,WLAN
11612,Bluetooth
11612,Positioning
11612,USB
11612,WLAN
11579,Bluetooth
11579,Positioning
11579,USB
11579,WLAN
11700,Bluetooth
11700,Positioning
11700,USB
11700,WLAN
11243,Bluetooth
11243,Positioning
11243,USB
11243,WLAN
11946,Bluetooth
11946,Positioning
11946,USB
11946,WLAN
11203,Bluetooth
11203,Positioning
11203,Radio
11203,USB
11203,WLAN
11009,Bluetooth
11009,Positioning
11009,USB
11009,WLAN
10885,Bluetooth
10885,Positioning
10885,USB
10885,WLAN
10798,Bluetooth
10798,Positioning
10798,USB
10798,WLAN
10820,Bluetooth
10820,Positioning
10820,USB
10820,WLAN
10821,Bluetooth
10821,Positioning
10821,USB
10821,WLAN
10614,Bluetooth
10614,Positioning
10614,USB
10614,WLAN
10567,Bluetooth
10567,Positioning
10567,Radio
10567,USB
10567,WLAN
11728,Bluetooth
11728,Positioning
11728,USB
11728,WLAN
11197,Bluetooth
11197,Positioning
11197,USB
11197,WLAN
11729,Bluetooth
11729,Positioning
11729,USB
11729,WLAN
11723,Bluetooth
11723,Positioning
11723,Radio
11723,USB
11723,WLAN
10281,Bluetooth
10281,Positioning
10281,USB
10281,WLAN
11725,Bluetooth
11725,Positioning
11725,USB
11725,WLAN
11724,Bluetooth
11724,Positioning
11724,USB
11724,WLAN
10284,Bluetooth
10284,Positioning
10284,USB
10284,WLAN
11705,Bluetooth
11705,USB
11705,WLAN
10070,Bluetooth
10070,Positioning
10070,USB
10070,WLAN
9955,Bluetooth
9955,Positioning
9955,Radio
9955,USB
9955,WLAN
9921,Bluetooth
9921,Positioning
9921,Radio
9921,USB
9921,WLAN
9839,Bluetooth
9839,Positioning
9839,USB
9839,WLAN
9780,Bluetooth
9780,Positioning
9780,USB
9780,WLAN
9712,Bluetooth
9712,Positioning
9712,Radio
9712,USB
9712,WLAN
9713,Bluetooth
9713,Positioning
9713,Radio
9713,USB
9713,WLAN
9714,Bluetooth
9714,Positioning
9714,Radio
9714,USB
9714,WLAN
9692,Bluetooth
9692,Positioning
9692,USB
9692,WLAN
9433,Bluetooth
9433,Positioning
9433,USB
9433,WLAN
9347,Bluetooth
9347,Positioning
9347,USB
9347,WLAN
9171,Bluetooth
9171,Positioning
9171,USB
9171,WLAN
9174,Bluetooth
9174,Positioning
9174,USB
9174,WLAN
9701,Bluetooth
9701,Positioning
9701,USB
9701,WLAN
9697,Bluetooth
9697,Positioning
9697,Radio
9697,USB
9697,WLAN
9161,Bluetooth
9161,Positioning
9161,USB
9161,WLAN
9133,Bluetooth
9133,Positioning
9133,Radio
9133,USB
9133,WLAN
9110,Bluetooth
9110,Positioning
9110,Radio
9110,USB
9110,WLAN
9038,Bluetooth
9038,Positioning
9038,Radio
9038,USB
9038,WLAN
8970,Bluetooth
8970,Positioning
8970,Radio
8970,USB
8970,WLAN
9033,Bluetooth
9033,Positioning
9033,Radio
9033,USB
9033,WLAN
8913,Bluetooth
8913,Positioning
8913,Radio
8913,USB
8913,WLAN
8290,Bluetooth
8290,Positioning
8290,Radio
8290,USB
8290,WLAN
8895,Bluetooth
8895,Positioning
8895,USB
8895,WLAN
8894,Bluetooth
8894,Positioning
8894,USB
8894,WLAN
8793,Bluetooth
8793,Positioning
8793,Radio
8793,USB
8793,WLAN
8779,Bluetooth
8779,Positioning
8779,USB
8779,WLAN
8752,Bluetooth
8752,Positioning
8752,Radio
8752,USB
8752,WLAN
8748,Bluetooth
8748,Positioning
8748,USB
8748,WLAN
8746,Bluetooth
8746,Positioning
8746,USB
8746,WLAN
8747,Bluetooth
8747,Positioning
8747,USB
8747,WLAN
8660,Bluetooth
8660,Positioning
8660,Radio
8660,USB
8660,WLAN
8609,Bluetooth
8609,Positioning
8609,Radio
8609,USB
8609,WLAN
8607,Bluetooth
8607,Positioning
8607,Radio
8607,USB
8607,WLAN
8600,Bluetooth
8600,Positioning
8600,Radio
8600,USB
8600,WLAN
8601,Bluetooth
8601,Positioning
8601,Radio
8601,USB
8601,WLAN
8562,Bluetooth
8562,Positioning
8562,Radio
8562,USB
8562,WLAN
8501,Bluetooth
8501,Positioning
8501,Radio
8501,USB
8501,WLAN
8401,Bluetooth
8401,Positioning
8401,USB
8401,WLAN
8638,Bluetooth
8638,Positioning
8638,Radio
8638,USB
8638,WLAN
8300,Bluetooth
8300,Positioning
8300,Radio
8300,USB
8300,WLAN
8182,Bluetooth
8182,Positioning
8182,Radio
8182,USB
8182,WLAN
8092,Bluetooth
8092,Positioning
8092,Radio
8092,USB
8092,WLAN
8548,Bluetooth
8548,Positioning
8548,Radio
8548,USB
8548,WLAN
8044,Bluetooth
8044,Positioning
8044,Radio
8044,USB
8044,WLAN
8063,Bluetooth
8063,Positioning
8063,Radio
8063,USB
8063,WLAN
7963,Bluetooth
7963,Positioning
7963,Radio
7963,USB
7963,WLAN
8293,Bluetooth
8293,Positioning
8293,Radio
8293,USB
8293,WLAN
7943,Bluetooth
7943,Positioning
7943,Radio
7943,USB
7943,WLAN
9152,Bluetooth
9152,Positioning
9152,Radio
9152,USB
9152,WLAN
8143,Bluetooth
8143,Positioning
8143,Radio
8143,USB
8143,WLAN
7944,Bluetooth
7944,Positioning
7944,Radio
7944,USB
7944,WLAN
7868,Bluetooth
7868,Positioning
7868,Radio
7868,USB
7868,WLAN
7852,Bluetooth
7852,Positioning
7852,Radio
7852,USB
7852,WLAN
7853,Bluetooth
7853,Positioning
7853,Radio
7853,USB
7853,WLAN
7761,Bluetooth
7761,Positioning
7761,Radio
7761,USB
7761,WLAN
7670,Bluetooth
7670,Positioning
7670,Radio
7670,USB
7670,WLAN
7646,Bluetooth
7646,Positioning
7646,USB
7646,WLAN
7572,Bluetooth
7572,Positioning
7572,USB
7572,WLAN
7485,Bluetooth
7485,Positioning
7485,Radio
7485,USB
7485,WLAN
7430,Bluetooth
7430,Positioning
7430,USB
7430,WLAN
8114,Bluetooth
8114,Positioning
8114,Radio
8114,USB
8114,WLAN
7481,Bluetooth
7481,Positioning
7481,Radio
7481,USB
7481,WLAN
7656,Bluetooth
7656,Positioning
7656,USB
7656,WLAN
7790,Bluetooth
7790,Positioning
7790,Radio
7790,USB
7790,WLAN
7355,Bluetooth
7355,Positioning
7355,USB
7355,WLAN
8244,Bluetooth
8244,Positioning
8244,Radio
8244,USB
8244,WLAN
7294,Bluetooth
7294,Positioning
7294,Radio
7294,USB
7294,WLAN
7168,Bluetooth
7168,Positioning
7168,Radio
7168,USB
7168,WLAN
7149,Bluetooth
7149,Positioning
7149,Radio
7149,USB
7149,WLAN
7891,Bluetooth
7891,Positioning
7891,Radio
7891,USB
7891,WLAN
7057,Bluetooth
7057,Positioning
7057,Radio
7057,USB
7057,WLAN
7058,Bluetooth
7058,Positioning
7058,Radio
7058,USB
7058,WLAN
7056,Bluetooth
7056,Positioning
7056,Radio
7056,USB
7056,WLAN
6954,Bluetooth
6954,Positioning
6954,Radio
6954,USB
6954,WLAN
6914,Bluetooth
6914,Infrared port
6914,Positioning
6914,Radio
6914,USB
6914,WLAN
6898,Bluetooth
6898,Positioning
6898,Radio
6898,USB
6898,WLAN
6847,Bluetooth
6847,Positioning
6847,Radio
6847,USB
6847,WLAN
6697,Bluetooth
6697,Positioning
6697,Radio
6697,USB
6697,WLAN
6641,Bluetooth
6641,Positioning
6641,Radio
6641,USB
6641,WLAN
6607,Bluetooth
6607,Positioning
6607,Radio
6607,USB
6607,WLAN
6492,Bluetooth
6492,Positioning
6492,Radio
6492,USB
6492,WLAN
6367,Bluetooth
6367,Positioning
6367,Radio
6367,USB
6367,WLAN
6579,Bluetooth
6579,Positioning
6579,Radio
6579,USB
6579,WLAN
6381,Bluetooth
6381,Positioning
6381,Radio
6381,USB
6381,WLAN
6324,Bluetooth
6324,Positioning
6324,Radio
6324,USB
6324,WLAN
6155,Bluetooth
6155,Positioning
6155,Radio
6155,USB
6155,WLAN
5948,Bluetooth
5948,Positioning
5948,Radio
5948,USB
5948,WLAN
5853,Bluetooth
5853,Positioning
5853,Radio
5853,USB
5853,WLAN
5834,Bluetooth
5834,Positioning
5834,Radio
5834,USB
5834,WLAN
5659,Bluetooth
5659,Positioning
5659,USB
5659,WLAN
5499,Bluetooth
5499,Positioning
5499,Radio
5499,USB
5499,WLAN
5330,Bluetooth
5330,Positioning
5330,Radio
5330,USB
5330,WLAN
5470,Bluetooth
5470,Positioning
5470,USB
5470,WLAN
5173,Bluetooth
5173,Positioning
5173,USB
5173,WLAN
5133,Bluetooth
5133,Positioning
5133,USB
5133,WLAN
5004,Bluetooth
5004,Positioning
5004,Radio
5004,USB
5004,WLAN
4983,Bluetooth
4983,Positioning
4983,Radio
4983,USB
4983,WLAN
4873,Bluetooth
4873,Positioning
4873,Radio
4873,USB
4873,WLAN
4597,Bluetooth
4597,Positioning
4597,Radio
4597,USB
4597,WLAN
4598,Bluetooth
4598,Positioning
4598,Radio
4598,USB
4598,WLAN
4506,Bluetooth
4506,Positioning
4506,USB
4506,WLAN
4467,Bluetooth
4467,Positioning
4467,USB
4467,WLAN
4304,Bluetooth
4304,Positioning
4304,Radio
4304,USB
4304,WLAN
3391,Bluetooth
3391,Positioning
3391,Radio
3391,USB
3391,WLAN
